job_key,source_dataset,snapshot_date,source_url,job_link,last_processed_time,got_summary,got_ner,is_being_worked,job_title,company,job_location,first_seen,search_city,search_country,search_position,job_level,job_type,job_skills,job_summary
linkedin:3802078767,archive,2024-01-15,https://www.linkedin.com/jobs/view/account-executive-dispensing-norcal-northern-nevada-becton-dickinson-at-bd-3802078767,https://www.linkedin.com/jobs/view/account-executive-dispensing-norcal-northern-nevada-becton-dickinson-at-bd-3802078767,2024-01-21 07:12:29.00256+00,1,1,0,Account Executive - Dispensing (NorCal/Northern Nevada) - Becton Dickinson,BD,"San Diego, CA",2024-01-15,Coronado,United States,Color Maker,Mid senior,Onsite,"Medical equipment sales, Key competitors, Terminology, Technology, Trends, Challenges, Reimbursement, Government regulation, BD offerings, Pipeline management, Opportunity planning, Solution Sales Process, Customer relationships, Collaboration, Negotiation, Internal and external customer satisfaction, Trust building, Sales opportunities, New solution introduction, Pharmacy, IT, Nursing, Csuite, Bachelor's Degree, Travel, Driver's license","Responsibilities Job Description Summary Job Description We are the makers of possible BD is one of the largest global medical technology companies in the world. Advancing the world of health™ is our Purpose, and it’s no small feat. It takes the imagination and passion of all of us—from design and engineering to the manufacturing and marketing of our billions of MedTech products per year—to look at the impossible and find transformative solutions that turn dreams into possibilities. We believe that the human element, across our global teams, is what allows us to continually evolve. Join us and discover an environment in which you’ll be supported to learn, grow and become your best self. Become a maker of possible with us. Job Title: Account Executive- Acute Care Territory: Northern California, Northern Nevada - Must live in the geographical ar Summary The Account Executive is responsible for driving sales and services to new and existing customers. They are responsible for maximizing customer value and satisfaction by aligning complex product solutions and services with key customer initiatives. Additional responsibilities include building and maintaining relationships with key decision makers or potential influencers; and managing a longer sales cycle. What is expected of you for success in your role Demonstrates advanced knowledge of BD and customer industry, including: key competitors, terminology, technology, trends, challenges, reimbursement and government regulation; demonstrates advance knowledge of how BD offerings match with customers' unique business needs. Serves as a leader in maintaining balance in all areas of the pipeline, ensuring consistent sustainable results; manages pipeline independently within own business unit Creates and executes an opportunity plan independently which drives consistent results Consistently utilizes all resources available within own business unit and frequently involves other business units in consistently executing the Solution Sales Process What is expected of you and others at this level in Direct Sales Applies knowledge of the customer's business to develop optimal solutions Proactively and with a regular cadence demonstrates to the customer the defined value of partnering with BD both pre- and post-sales Effectively negotiates and collaborates with the customer and colleagues to influence support for mutually beneficial outcomes and achieve consensus Builds and sustains relationships founded on trust with internal and external customers and ensures customer satisfaction and loyalty Identifies and qualifies new sales opportunities and develops plans for introducing new solutions through collaborative relationships Qualifications 2-3 years successful medical equipment sales (capital is preferred) Pharmacy, IT, Nursing, C-suite call point Ability to manage a long sales cycle Travel up to 50% of the time Bachelor’s Degree Valid driver’s license Must live in territory For certain roles at BD, employment is contingent upon the Company’s receipt of sufficient proof that you are fully vaccinated against COVID-19. In some locations, testing for COVID-19 may be available and/or required. Consistent with BD’s Workplace Accommodations Policy, requests for accommodation will be considered pursuant to applicable law. Why Join Us? A career at BD means being part of a team that values your opinions and contributions and that encourages you to bring your authentic self to work. It’s also a place where we help each other be great, we do what’s right, we hold each other accountable, and learn and improve every day. To find purpose in the possibilities, we need people who can see the bigger picture, who understand the human story that underpins everything we do. We welcome people with the imagination and drive to help us reinvent the future of health. At BD, you’ll discover a culture in which you can learn, grow, and thrive. And find satisfaction in doing your part to make the world a better place. To learn more about BD visit https://bd.com/careers Becton, Dickinson and Company is an Equal Opportunity/Affirmative Action Employer. We do not unlawfully discriminate on the basis of race, color, religion, age, sex, creed, national origin, ancestry, citizenship status, marital or domestic or civil union status, familial status, affectional or sexual orientation, gender identity or expression, genetics, disability, military eligibility or veteran status, or any other protected status. PDN Primary Work Location USA CA - San Diego Bldg A&B Additional Locations Work Shift Apply Show more Show less"
linkedin:3803386312,archive,2024-01-14,https://www.linkedin.com/jobs/view/registered-nurse-rn-care-manager-at-trinity-health-mi-3803386312,https://www.linkedin.com/jobs/view/registered-nurse-rn-care-manager-at-trinity-health-mi-3803386312,2024-01-21 07:39:58.88137+00,1,1,0,Registered Nurse - RN Care Manager,Trinity Health MI,"Norton Shores, MI",2024-01-14,Grand Haven,United States,Director Nursing Service,Mid senior,Onsite,"Nursing, Bachelor of Science in Nursing, Masters Degree in Nursing, Care management experience, Clinical experience in nursing, Licensure to practice nursing in Michigan, Population management, Selfmanagement, Education, Oversight of registries, Patient education, Patient selfmanagement, Patient care coordination, Chronic condition management, Complex illness management, Hospitalization avoidance, Emergency room visit avoidance","Employment Type: Full time Shift: Description: Position Title: RN Care Manager Highlights: Full time M-F (8-5 pm) No weekends, no holidays, and no on-call expectations! Great opportunity for career progression in a professional nursing specialty. On site position embedded in the practice (one day a week remote work option) Amazing team to work with! Positions based along the Lakeshore in West Michigan (Office locations range from West Olive all the way to Ludington MI) POSITION SUMMARY: The Care Manager RN is a professional nurse who collaborates with physicians, facilities, health care team members and patient/families to manage chronic conditions/complex illness and coordinate care for specific patient populations across the continuum and between care settings. They Care Manager RN performs the duties of both the Complex and Moderate Care Manager in the Patient Centered Medical Home. What the RN Hybrid Care Manager will do: Participate and engage their patients in the assessment, planning, monitoring and evaluation of the ongoing care for chronic condition/complex illness management. Establish plans of care including patient education and self-management, coordinating resources for effective, efficient and appropriate patient care. Provide ongoing monitoring and evaluation of patient outcomes. In addition to these responsibilities, the Care Manager RN also performs the duties of the Moderate Care Manager including population management and coordination, self-management, education and oversight of the registries as they apply to those elements. The Care Manager RN will assist patients in optimizing their health status; provide interventions designed to avoid hospitalization and emergency room visits. What the RN Care Manager will need: Graduate of an accredited school of nursing. Bachelor of Science degree in Nursing required. Masters Degree in Nursing (or actively pursuing Masters Degree in Nursing) preferred. Recent care management experience preferred. Current licensure to practice nursing in Michigan. One year of experience in Care Management preferred and three years of clinical experience in nursing required. Our Commitment to Diversity and Inclusion Trinity Health is one of the largest not-for-profit, Catholic healthcare systems in the nation. Built on the foundation of our Mission and Core Values, we integrate diversity, equity, and inclusion in all that we do. Our colleagues have different lived experiences, customs, abilities, and talents. Together, we become our best selves. A diverse and inclusive workforce provides the most accessible and equitable care for those we serve. Trinity Health is an Equal Opportunity Employer. All qualified applicants will receive consideration for employment without regard to race, color, religion, sex, sexual orientation, gender identity, national origin, disability, status as a protected veteran, or any other status protected by law. Show more Show less"
linkedin:3771464419,archive,2024-01-14,https://www.linkedin.com/jobs/view/restaurant-supervisor-the-forklift-at-wasatch-adaptive-sports-3771464419,https://www.linkedin.com/jobs/view/restaurant-supervisor-the-forklift-at-wasatch-adaptive-sports-3771464419,2024-01-21 07:40:00.251126+00,1,1,0,RESTAURANT SUPERVISOR - THE FORKLIFT,Wasatch Adaptive Sports,"Sandy, UT",2024-01-14,Tooele,United States,Stand-In,Mid senior,Onsite,"Restaurant Operations Management, Inventory Management, Food and Beverage Ordering, Profit Optimization, Guest Service, Front and Back of House Coordination, Employee Performance Management, Discipline and Rewards Management, Safety and Sanitation Maintenance, Directional Flow Management, Daily Records Maintenance, Profit and Loss Statement Preparation, Guest Complaint Handling, Interpersonal Skills, Guest Service Skills, Listening Skills, Oral Communication Skills, Conflict Management Skills, Dispute Resolution Skills, Reading and Writing Proficiency, Arithmetic Skills, Menu and Wine List Knowledge, Wine Knowledge, Money Handling Proficiency, Staff Direction, Guest Issue Resolution, Microsoft Office Applications, Data Protection and Security, PCI DSS Compliance, Privacy and Confidentiality, Reporting and Storage of Sensitive Information, Snowbird Operations Knowledge, Variable Work Schedule, Overnight Stays, Stress Management, Physical Strength, Tray Carrying Ability, Standing Ability, Bending and Kneeling Ability, Repetitive Motions Ability, Professional Appearance, Drug and Alcohol Policy Compliance, Employee Conduct Policy Compliance","Job Details Description What You'll Do As a Food and Beverage Supervisor and under the direction of the Food and Beverage Department, you'll be responsible for managing daily restaurant operation, including team member development and performance, inventory, ordering of food and supplies, optimize profits and ensure that guests are satisfied with their dining experience. Snowbird's Food And Beverage Supervisors Specific Job Responsibilities Responsible for coordinating and communicating with front and back of house personnel to provide a dining experience that exceeds guest expectations. Rewards and disciplines as merited by employee performance. Assigns, oversees and evaluates employee work performance. Recommends promotion, transfer or termination of employees based on performance evaluation. Ensures standards of appearance and sanitation are maintained on a daily basis. Maintains good safety practices of employees and guests throughout the property. Follows state policies and regulations for serving alcoholic beverages in a responsible manner. Provides directional flow of restaurant during service and plans, supervises all work done by dining room employees. Maintains daily records including revenues and payroll and is responsible for monthly profit and loss statements. Completes nightly reports. Reviews daily sales. Adjusts scheduling according to labor and sales figures. Ensures all guest needs are met during the course of the meal in order to achieve a positive dining experience. Handles guest complaints in a professional manner. Interactions Must have the ability to interact at any time with guests and other employees in a pleasant manner and maintain good working relationships with others and all departments at Snowbird. What You Need To Get The Job Done High School Diploma or equivalent required. Bachelor’s degree in related field. Additional related work experience may be substituted for education. 2-3 years of job-specific work experience with demonstrated competence. Must be at least 21 years of age. Food Handlers & Alcohol Certification. Sheriff Card Skills & Knowledge Must demonstrate strong interpersonal skills, including excellent guest service, listening and oral communication skills, conflict management skills and dispute resolution skills. Must demonstrate competency in reading, writing and arithmetic with accuracy in counting, adding subtracting, multiplying and dividing. Ability to learn menus and wine lists and display extensive knowledge in wine. Proficiency in handling large sums of money. Must direct staff activities and address guest issues while maintaining interactions between the dining room, the kitchen and the bar. Strong level of proficiency in Microsoft Office applications. Ability to handle, process, maintain and protect guest personal information, including credit card information, in compliance with all company or department policies and procedures according to PCI rules and requirements. This includes privacy and confidentiality, reporting, storage and disposal of sensitive information. Will not share or disclose any guest personal or financial information to anyone unless authorized by the guest, manager or company or unless disclosure is permitted within departmental policies and procedures. Knowledge and understanding of PCI DSS, including the safe and secure handling and maintenance of personal, financial and credit card information of guest/customers. Requires judgment within policy guidelines and initiation of activities within job description and responsibility limitations. Understanding of other Snowbird operations is essential. Work Schedule Shifts vary, may be early morning or late evening, weekends, holidays, depending on business levels. Must work 5 days per week. Working Conditions Must be prepared to stay overnight if necessary on occasional times of road closures. May experience unusual stress from continual work with public, winter conditions, snow night requirements and commuting to/from Snowbird. Must be able to lift 25 lbs. Must be able to carry trays and other items needed for service. Must be able to stand for long periods of time. Must demonstrate ability to bend, kneel, handle, reach, grasp and perform repetitive motions. All job opportunities at Snowbird require the ability to comply with our Professional Appearance, Drug & Alcohol, and Employee Conduct Policies. This job description is not intended to be an exhaustive list of all duties, responsibilities, or qualifications associated with the job. birdjobs Show more Show less"
linkedin:3797661348,archive,2024-01-16,https://www.linkedin.com/jobs/view/independent-real-estate-agent-at-howard-hanna-rand-realty-3797661348,https://www.linkedin.com/jobs/view/independent-real-estate-agent-at-howard-hanna-rand-realty-3797661348,2024-01-21 07:40:00.308133+00,1,1,0,Independent Real Estate Agent,Howard Hanna | Rand Realty,"Englewood Cliffs, NJ",2024-01-16,Pinehurst,United States,Real-Estate Clerk,Mid senior,Onsite,"Real Estate, Customer Service, Sales, Negotiation, Communication, Home Listings, Local Real Estate Market, Representation Contracts, Purchase Agreements, Closing Statements, Deeds, Leases, Networking, Relationship Building, Flexibility, Work/Life Balance, High Income Potential, Equal Opportunity Employer","Who We Are Rand Realty is a family-owned brokerage born in 1984 when our founder, Marsha opened her new real estate office in a small town in Hudson Valley. Her vision was to build a brokerage strongly devoted to its agents and deeply committed to the community combining expertise and eye for detail with heart, soul and kindness. More than 35 years later, we've grown to more than 1,000 premier local agents with offices throughout Northern New Jersey, Westchester, Connecticut, The Bronx, Rockland, Dutchess, Putnam and Orange counties. Despite our growth or really, by virtue of it and the great people who have joined and represent our brand, the characteristics that defined us then, continue to dictate and delineate who we are. Today, Howard Hanna | Rand Realty is the preeminent real estate brokerage in New York, New Jersey and Connecticut, widely recognized as an industry leader for its agent training, career planning, technological innovation and market expertise. Build your career with the people who have your best interests in mind. Who You Are An Independent Real Estate Agent advises clients on every facet of the real estate sales and purchasing process. Conducting a real estate transaction can be a confusing and complicated process for clients so they depend on Independent Real Estate Agents to offer them expert advice, act as their advocate during negotiations and help them complete one of the most significant purchases and sales of their lives. The candidate should excel in customer service and understand the intricacies of home purchases and sales. Clients know that they have myriad real estate agents from which to choose, and it's up to you to make yourself stand out as unique and essential to meeting their real estate needs. This position is best suited for an individual who is self-motivated and enjoys working independently. In this role, you will... Network with other real estate professionals to market your home listings. Stay updated and informed on the local real estate market to be aware of current home listings and sales. Communicate effectively with all clients on a regular basis and answer their questions. Represent your clients during real estate negotiations and transactions. Show a desire to forge connections, build trust, and manage long-term relationships with individuals. Prepare documents such as representation contracts, purchase agreements, closing statements, deeds and leases. As a company, we will... Coach you through the licensing process for becoming a real estate agent. Provide you with training and support for best practices within our local real estate market. Offer you a flexible schedule so you can have a healthy work/life balance. Additional Details Compensation in the real estate market is related directly to a Real Estate Professional's performance. High-performing, dedicated agents have reasonable potential to make $50000 - $100000 / year or more after establishing a strong client base. You will find that the more time and work you put in, the more potential you will have for higher income. Notice: While a real estate license is not required to apply, you must obtain a real estate license before officially being hired. To earn a real estate license you will need to complete real estate classes (online or in-person) offered by an accredited learning institution and pass a state licensing exam. To learn more about the real estate licensing process, apply now and our recruiting team will provide additional details. Our Equal Opportunity Promise We are dedicated to fair hiring practices and operate as an equal opportunity employer. We do not discriminate on the basis of race, sexual orientation, age, marital status, religion, or nation of origin. We take pride in being exceptional leaders and citizens of our community and we're dedicated to treating all our potential employees with the same level of care and respect. Show more Show less"
linkedin:3803057508,archive,2024-01-17,https://www.linkedin.com/jobs/view/group-unit-supervisor-systems-support-manager-tss-at-irs-office-of-chief-counsel-3803057508,https://www.linkedin.com/jobs/view/group-unit-supervisor-systems-support-manager-tss-at-irs-office-of-chief-counsel-3803057508,2024-01-19 09:45:09.215838+00,0,0,0,Group/Unit Supervisor (Systems Support Manager TSS),"IRS, Office of Chief Counsel","Chamblee, GA",2024-01-17,Gadsden,United States,Supervisor Travel-Information Center,Mid senior,Onsite,,
linkedin:3765316747,archive,2024-01-16,https://www.linkedin.com/jobs/view/counselor-07532802-at-icl-3765316747,https://www.linkedin.com/jobs/view/counselor-07532802-at-icl-3765316747,2024-01-19 09:45:09.215838+00,0,0,0,Counselor-07532802,ICL,"Brooklyn, NY",2024-01-16,Oyster Bay,United States,Residence Counselor,Mid senior,Onsite,,
linkedin:3790954711,archive,2024-01-14,https://www.linkedin.com/jobs/view/registered-nurse-rn-at-trinity-health-mi-3790954711,https://www.linkedin.com/jobs/view/registered-nurse-rn-at-trinity-health-mi-3790954711,2024-01-21 08:08:19.663033+00,1,1,0,Registered Nurse (RN),Trinity Health MI,"Muskegon, MI",2024-01-14,Muskegon,United States,Nurse Practitioner,Mid senior,Onsite,"Nursing, BSN, Medical License, Virtual RN, Nursing Support, Diversity, Equity, Inclusion, Equal Opportunity Employer","Employment Type: Full time Shift: 12 Hour Night Shift Description: 10th Floor Trauma,/Ortho/Med Surg 7p-7:30a 36hrs per week We offer a competitive salary and comprehensive benefits package including: Medical, Dental and Vision Coverage available on your first day 403b with employer match Tuition Reimbursement 100% paid CEU Paid Time Off Relocation Packages Available Job Types: Full time Shifts: Night Shift 7p - 7:30a 36 hours per week Unit: 10th floor - Trauma / Ortho / Med Surg What Registered Nurse, RN will need: Graduation from an accredited Nursing school and program Associates Degree in Nursing required, BSN preferred. Licensed in the State of Michigan 36hrs per wk- 7p-7:30a -weekends & holidays to be scheduled in accordance with the CBA. This position is part of a 3-person Care Team where you will have the opportunity to work alongside a Virtual RN and Nursing Support, giving you more time and help to focus on meeting the needs of each patient. Our Commitment to Diversity and Inclusion Trinity Health is one of the largest not-for-profit, Catholic healthcare systems in the nation. Built on the foundation of our Mission and Core Values, we integrate diversity, equity, and inclusion in all that we do. Our colleagues have different lived experiences, customs, abilities, and talents. Together, we become our best selves. A diverse and inclusive workforce provides the most accessible and equitable care for those we serve. Trinity Health is an Equal Opportunity Employer. All qualified applicants will receive consideration for employment without regard to race, color, religion, sex, sexual orientation, gender identity, national origin, disability, status as a protected veteran, or any other status protected by law. Show more Show less"
linkedin:3798316459,archive,2024-01-16,https://www.linkedin.com/jobs/view/part-time-hr-generalist-at-creative-financial-staffing-cfs-3798316459,https://www.linkedin.com/jobs/view/part-time-hr-generalist-at-creative-financial-staffing-cfs-3798316459,2024-01-21 08:08:19.912883+00,1,1,0,Part Time- HR Generalist,Creative Financial Staffing (CFS),"New York, NY",2024-01-16,White Plains,United States,Human Resource Advisor,Mid senior,Onsite,"HR, Performance assessments, Interviews, Recruitment, Employee onboarding, Employee relations, Employee complaints","Title About The Company A leading consulting firm, who has been around for over 30 years! They partner with foundations, nonprofits, and companies to propel positive social change through strategy, capacity building, initiative design, strategic communication, and management. Located in West Midtown, 24-28 hours per week. Close knit team, corporate yet relaxed environment and excellent training provided! Overview Of The Role Performance reviews Setting up interviews and recruitment HR onboarding Managing employee complaints / employee relations Following up on reviews on new hires (90 day) Qualifications Non-profit experience is a plus! 3+ years of HR experience is a plus! #INJAN2024 #CBJAN2024 Show more Show less"
linkedin:3800482794,archive,2024-01-15,https://uk.linkedin.com/jobs/view/store-manager-at-b-m-retail-3800482794,https://uk.linkedin.com/jobs/view/store-manager-at-b-m-retail-3800482794,2024-01-21 08:08:20.658147+00,1,1,0,Store Manager,B&M Retail,"London, England, United Kingdom",2024-01-15,Slough,United Kingdom,Double,Mid senior,Onsite,"Store Management, KPI Management, Team Leadership, Retail Experience, Sales Growth, Customer Service, Retail Standards, FMCG/Big Box Experience, Flexibility, OntheJob Training, Career Progression, Discount in Stores, Regular Double Discount Events, Paid Time Off, Pension Scheme, Diverse and Inclusive Environment","Are you a Store Manager, Assistant Manager, Trading Manager or Deputy Manager who thrives in a fast paced environment? Are you passionate about leading and developing your team? Are you looking for an exciting new challenge where you have the freedom to drive sales growth in a FTSE 100 growing retailer? Well, look no further . . . we have a fantastic opportunity to join one of our store teams in the East London Area as a Store Manager! With over 700 Stores across the UK and an exciting new store opening plan scheduled for 2024, we’re growing at an outstanding rate. We’re committed to developing our people and providing opportunities to everyone at all levels. Succession remains at the heart of what we do... 75% of our retail managers are home grown! Our growth is phenomenal and our commitment to internal succession is something we're extremely proud of. We are recruiting Store Managers that are passionate about maximising sales growth opportunities, looking after their people and leading from the front – all whilst having fun! As a team player who spends your time on the sales floor with your team, you’ll set the pace, drive commerciality, and showcase a great customer service experience for our customers. You’ll be passionate about recruiting and developing your team to succeed - supporting and training them to ensure they reach their full potential. You’ll love running your store as if it’s your own business and will be given the freedom to think for yourself! This is a full time & permanent position. What We’re Looking For In a Store Manager Experience of managing a large scale, fast-paced & high turnover retail store A consistent background of successfully delivering KPI’s and driving sales Experience of managing large teams of 15 or above in a retail environment A hands-on & resilient team player with a genuine passion for retail Commerciality & the ability to deliver excellent store standards An energetic leader, who thrives on supporting & developing their team The flexibility to work a range of hours, including weekends & bank holidays FMCG/big box experience is desirable Do you think this sounds like you? If so, keep on reading… At B&M, We Can Offer You A competitive salary, with a realistic annual bonus potential Job stability and ongoing career progression Fantastic on the job training and internal development 10% store discount in all our stores including Heron Regular double discount events Up to 33 days’ holiday, increasing with length of service A contributable pension scheme At B&M, we also offer great benefits including discount in our stores and our colleague portal offers additional discount for retailers, hospitality & more! For further information click https://careers.bmstores.co.uk/our-bm-benefits/ . Do you think this sounds like the ideal role for you? If so, we want to hear from you... apply today! B&M Retail are an equal opportunity employer. We are committed to creating an inclusive and diverse environment for all colleagues. Show more Show less"
linkedin:3767503688,archive,2024-01-14,https://ca.linkedin.com/jobs/view/engineering-project-coordinator-at-shared-health-soins-communs-3767503688,https://ca.linkedin.com/jobs/view/engineering-project-coordinator-at-shared-health-soins-communs-3767503688,2024-01-21 08:08:20.998834+00,1,1,0,Engineering Project Coordinator,Shared Health-Soins Communs,"Winnipeg, Manitoba, Canada",2024-01-14,Manitoba,Canada,Program Coordinator,Mid senior,Onsite,"AUTOCAD, MS Project, Building Code Compliance, Construction methods, Sustainability design concepts, Barrierfree access, Environmental risks, Engineering, Project management, Construction management, Medical gases, Plumbing, Steam, HVAC, Building controls, Fire suppression, Power distribution, Nurse call, Access controls, Building envelope systems, Roofing, Glazing, Door systems, Business management, Business ethics, Negotiation, Planning, Organizing, Forecasting, Collaboration, Communication","Requisition ID: 349321 Position Number: 20032697 Posting End Date: Open until filled City: Winnipeg Site: St. Boniface Hospital Work Location: St. Boniface Hospital Department / Unit: Capital Planning Job Stream: Non-Clinical Union: Non Union Anticipated Start Date: ASAP FTE: 1.00 Anticipated Shift: Days Daily Hours Worked: 7.75 Annual Base Hours: 2015 Grow your career in the Winnipeg Health Region! Our team provides a spectrum of health care services through an integrated network of sites, services and organizations. We’re united by a shared commitment to excellent and equitable health care . Position Overview Reporting directly to the Director, Capital Planning & Property Management, and while demonstrating a commitment to the Mission, Values and Management Philosophy of St. Boniface Hospital, the ENGINEERING PROJECT CO-ORDINATOR, is responsible for delivery of campus infrastructure planning program, producing feasibility analysis of internal/external projects and contract administration of various construction projects. These functions include: project planning, assessing design & engineering feasibility, identifying scope of work, producing design concepts, estimates and construction drawings. Coordinating and/or supporting construction start up meetings; acting as Hospital representative and as a liaison with consultants and Regional Health Authority. Construction oversight of consultants, contractors and internal trades ensuring all Hospital standards as they relate to construction are met; conducting regular site visits, in conjunction with consultants; ensuring that construction conforms to plans and specifications; supporting the decanting process as it relates to construction projects; handling matters of contract administration; and performing other related duties as required. Experience Minimum (5) years recent related experience in facilities/capital design, planning with complex, multidisciplinary projects and operations. Project coordination experience in the health care field is considered an asset. Education (Degree/Diploma/Certificate) Successful completion of a university degree or technical college diploma in an engineering discipline (Electrical, Mechanical, Architectural, Construction, etc.), along with formal training of AUTOCAD tools. Project management certification is an asset. Good understanding of financial statements as they relate to construction. Working knowledge of MS Project software. Working knowledge of AUTOCAD and document management principles. Comprehension of Building Code Compliance and application, life cycle cost issues, construction methods, sustainability design concepts, barrier free access and environmental risks. Knowledge of engineering, project and construction management principles. Knowledge of health care infrastructure systems and equipment, including medical gases, plumbing, steam, HVAC, building controls, fire suppression, power distribution, nurse call, access controls. Knowledge of building envelope systems, roofing, glazing and door systems. Should have working knowledge of business management, business ethics and management principles. Note: An equivalent combination of education and experience, as deemed recognized by the Employer, may be considered in lieu of the above. Certification/Licensure/Registration Not Applicable Qualifications And Skills Ability to identify issues, and develop and analyze solutions to resolve problems. Excellent interpersonal and communication skills. Demonstrated planning, organizing and forecasting abilities. Demonstrated organizational and team collaboration skills. Effective negotiation skills. Ability to interact well with professionals at all levels, internally and externally. Physical Requirements Not Applicable St. Boniface Hospital is committed to empowering a workforce that welcomes and celebrates diversity by fostering culturally safe places for all employees. We strive to celebrate our diverse workforce and the outstanding work we do every day. This position requires a current satisfactory Criminal Records Check (including Vulnerable Sector Search), Child Abuse Registry Check and Adult Abuse Registry Check as conditions of employment. The successful candidate will be responsible for any service charges incurred. A security check is considered current if it was obtained no more than six (6) months prior to the start of employment. Interviewed candidates may be called upon to participate in a skills assessment. Any application received after the closing time will not be included in the competition. We welcome applications from people with disabilities. Accommodations are available upon request during the assessment and selection process. Show more Show less"
linkedin:3804204630,archive,2024-01-16,https://www.linkedin.com/jobs/view/special-agent-law-legal-background-at-federal-bureau-of-investigation-fbi-3804204630,https://www.linkedin.com/jobs/view/special-agent-law-legal-background-at-federal-bureau-of-investigation-fbi-3804204630,2024-01-21 08:08:21.308995+00,1,1,0,Special Agent: Law/Legal Background,Federal Bureau of Investigation (FBI),"Austin, Texas Metropolitan Area",2024-01-16,Austin,United States,Special Agent,Associate,Onsite,"FBI Special Agent, Law, Legal, Criminal Investigation, Law Enforcement, Intelligence, Investigations, Policies, National Security, Personnel, Litigation, Support, Administrative, Technology, Contract Law, Information Law, Legal Instruction, Counterterrorism, Counterintelligence, Cyber Matters, Foreign Intelligence, Top Secret Sensitive Compartmented Information (SCI) Clearance, Physical Fitness, Medical Exam, FBI Academy Training, Field Office Assignment, Temporary Duty Assignments, U.S. Citizenship, 2337 Years Old, Two Years Professional Work Experience, Bachelor's Degree or JD Degree, College Transcripts","HOW TO APPLY STEP 1: Click on the “Apply” button to be directed to the FBIJobs Careers website. STEP 2: Click the “Start” button to begin. You will be prompted to either Sign In to continue or to register with FBIJobs if you don’t already have an account. STEP 3: Follow the step-by-step process to submit your interest. You will be guided through each step. You must complete all sections of the form AND ALL REQUIRED DOCUMENTS MUST BE ATTACHED to successfully submit your interest. 1. Your resume, specifically noting relevant work experience and associated start and end dates. 2. Other supporting documents: College transcripts, if qualifying based on education, or if there is a positive education requirement. Veterans: DD 214; Disabled Veterans: DD 214, SF-15 and VA letter dated 1991 or later. Please see instructions on the site for attaching documents. JOB DESCRIPTION Use your law and legal background to become an FBI Special Agent! FBI Special Agents apply their professional expertise and unique skill sets to their work and role every day. Special Agents come from many professional backgrounds including legal/criminal investigation, advising on law enforcement and intelligence operations, investigations and policies. Your expertise could apply to matters of national security, personnel, litigation and support, administrative, investigative, technology, contract law, information law, legal instruction, counterterrorism, counterintelligence, cyber matters and foreign intelligence. You can expect continued specialized training once onboard and opportunities to work on some of the Bureau's most complex cases. The scope and scale of our investigations provide unique challenges unlike anything you could work on in the private sector. SALARY LEVEL $81,000.00 – $129,000.00 Salary is commensurate to experience and location. DUTIES Candidates must: Adhere to strict standards of conduct. Undergo a rigorous background investigation, credit checks and a polygraph in order to obtain a Top Secret Sensitive Compartmented Information (SCI) Clearance. Pass all physical fitness requirements; must be physically fit to complete training at the FBI Academy at Quantico, VA, and maintain a high level of fitness throughout your career. Pass a medical exam, which includes, but is not limited to, meeting visual and hearing standards. Successfully complete approximately 19 weeks of employment as a Special Agent trainee, while housed at the FBI Academy at Quantico. Upon graduation from the FBI Academy, be available to transfer to one of the FBI's 56 Field Offices, including San Juan, Puerto Rico or remote resident agencies (satellite offices) to meet the needs of the FBI. Special Agents rarely return to their processing office. Applicants should ensure that their families are prepared for and support this move. Throughout your career, be available for temporary duty assignments anywhere in the world, on either a temporary or a long-term basis. Work a minimum of a 50-hour workweek, which may include irregular hours, and be on-call 24/7, including holidays and weekends. Be willing and able to participate in arrests, execute search warrants, raids and similar assignments. In addition, all Special Agent candidates must successfully complete the Special Agent Selection System (SASS), a mentally and physically challenging process designed to find only the most capable applicants. The selection process typically takes one year or more to complete. KEY REQUIREMENTS You must: Be a U.S. citizen. Be at least 23 years old and not have reached your 37th birthday on appointment. Be able to obtain a Top Secret SCI Clearance. Have two years of full-time professional work experience (see work experience waiver for exceptions). Meet the FBI’s Employment Eligibility requirements. Possess a valid driver’s license with at least six months driving experience. EDUCATION Candidates must have a bachelor’s degree or JD degree (preferably in a related legal field) from a U.S.-accredited college or university. All degrees must be from an accredited college or university and must be verified by submitting college transcripts. The FBI is an Equal Opportunity Employer and all qualified applicants will receive consideration for this vacancy. Unless explicitly authorized by law, selection will be made without regard to, and there will be no discrimination because of, color, race, religion, national origin, marital status, parental status, physical or mental disability, genetic information, age (40 or over), sex (including pregnancy and related conditions, gender identity, and sexual orientation), or on the basis of personal favoritism, or any other non-merit factors. Show more Show less"
linkedin:3770540505,archive,2024-01-14,https://www.linkedin.com/jobs/view/manager-site-operations-at-icon-plc-3770540505,https://www.linkedin.com/jobs/view/manager-site-operations-at-icon-plc-3770540505,2024-01-21 08:08:22.631819+00,1,1,0,"Manager, Site Operations",ICON plc,"Knoxville, TN",2024-01-14,Louisville,United States,Vendor,Mid senior,Onsite,"Management Skills, Clinical Research, Clinical Research Staff, Bachelor's Degree, Collaborative Approach, Performance Goals, Competitive Salary, Annual Bonuses, HealthRelated Benefits, Retirement Plans, Life Assurance, Equal Opportunity Employer","At ICON, it’s our people that set us apart. Our diverse teams enable us to become a better partner to our customers and help us to fulfil our mission to advance and improve patients’ lives. Our ‘Own It’ culture is driven by four key values that bring us together as individuals and set us apart as an organization: Accountability & Delivery, Collaboration, Partnership and Integrity. We want to be the Clinical Research Organization that delivers excellence to our clients and to patients at every touch-point. In short, to be the partner of choice in drug development. That’s our vision. We’re driven by it. And we need talented people who share it. If you’re as driven as we are, join us. You’ll be working in a dynamic and supportive environment, with some of the brightest and the friendliest people in the sector, and you’ll be helping shape an industry. Overview of the role: Title: Manager, Site Operations Location: On-Site, Knoxville TN Duties: Managing visit activity and other key performance metrics to ensure financial goals are met. Developing new business and maintaining communication with clients. Coordinating clinical trials as necessary or providing coordinator support. Serving as an industry liaison with regard to Accellacare contracts and negotiations. Developing and nurturing investigator relationships with Accellacare. Serving as a marketing representative of the organization with regard to recruitment and retention of studies and development of contacts within the pharmaceutical industry. Supervising and/or conducting staff meetings on a regular basis to monitor progress of active clinical research trials and provide communication updates Developing leadership talent within the organization and recognizing leadership skills within the staff. Working with the Manager of Training and Quality Assurance to ensure proper orientation and training of staff, and a successful internal QA program. Communicating with the President, CEO, and Director of Operations with regards to overall site operations, coordinator workload, site priorities, recruitment efforts, or other issues. Directing recruitment activities and fostering a team environment to facilitate growth at the site. Monitoring employee and site progress with goal setting and achievement of goals. Completing Performance Assessments as necessary. Overseeing site expenditures and communicating expenditure needs to the Supervisor. Reviewing investigator estimated earnings for accuracy and other outside vendor expenditures. Manages and allocates staff resources to increase financial performance. To be successful, you will need: Bachelor’s degree Minimum 4 years Clinical Research experience Excellent management skills, developed with a collaborative approach to driving performance and success in a global environment Direct experience managing Clinical Research staff is preferred Benefits of Working in ICON: Our success depends on the quality of our people. That’s why we’ve made it a priority to build a culture that rewards high performance and nurtures talent. We offer very competitive salary packages. And to keep them competitive, we regularly benchmark them against our competitors. Our annual bonuses reflect delivery of performance goals – both ours and yours. We also provide a range of health-related benefits to employees and their families and offer competitive retirement plans – and related benefits such as life assurance – so you can save and plan with confidence for the years ahead. But beyond the competitive salaries and comprehensive benefits, you’ll benefit from an environment where you are encouraged to fulfil your sense of purpose and drive lasting change. ICON is an equal opportunity and inclusive employer and is committed to providing a workplace free of discrimination and harassment. All qualified applicants will receive equal consideration for employment without regard to race, color, religion, sex, sexual orientation, gender identity, national origin, disability or protected veteran status. If, because of a medical condition or disability, you need a reasonable accommodation for any part of the application process, or in order to perform the essential functions of a position, please let us know through the form below. Show more Show less"
linkedin:3770863136,archive,2024-01-16,https://www.linkedin.com/jobs/view/assistant-vice-president-behavioral-health-sciences-full-time-at-rwjbarnabas-health-3770863136,https://www.linkedin.com/jobs/view/assistant-vice-president-behavioral-health-sciences-full-time-at-rwjbarnabas-health-3770863136,2024-01-21 08:08:23.306631+00,1,1,0,Assistant Vice President Behavioral Health Sciences Full Time,RWJBarnabas Health,"Somerville, NJ",2024-01-16,Hillsborough,United States,Psychiatric Technician,Mid senior,Onsite,"Leadership, Communication, Collaboration, Behavioral health, Inpatient, Eating disorders, Nursing, Licensure, Master's of Science in Nursing","Req #: 0000130277 Category: Leadership Status: Full-Time Shift: Day Facility: RWJ Somerset Department: Administration Location: RWJUH Somerset, 110 Rehill Ave, Somerville, NJ 08876 The Assistant Vice President Behavioral Health Services provides the leadership to effectively grow the Behavioral Health Services by ensuring clinical excellence, operating efficiency and financial strength. This includes leadership in developing a strong Behavioral Health team and partnership with Medical Director and medical staff to ensure the clinical excellence and operational performance of the Behavioral Health Services. The Assistant Vice President Behavioral Health Service is also responsible for designing, developing and implementing a strategic plan to ensure the success of the Behavioral Health Services clinical, financial and overall operating performance and successful growth. The AVP Behavioral Health Services directs, administers and coordinates the overall operations of the services, including the goals and objectives established by the Chief Executive Officer of the Hospital or their designee. Requirements Strong communication skills and ability to collaborate with a diverse range of stakeholders is required, Experience: 5 years of leadership experience in inpatient behavioral health services required, Work or leadership experience in the treatment of eating disorders preferred, Licensure: New Jersey RN license required, Behavioral health-specific professional certification preferred, Education: A minimum of a Master's of Science in Nursing is required, RWJBarnabas Health is an Equal Opportunity Employer Show more Show less"
linkedin:3793857817,archive,2024-01-14,https://www.linkedin.com/jobs/view/control-systems-integration-engineer-at-olsson-3793857817,https://www.linkedin.com/jobs/view/control-systems-integration-engineer-at-olsson-3793857817,2024-01-21 08:08:24.021822+00,1,1,0,Control Systems Integration Engineer,Olsson,"Lincoln, NE",2024-01-14,Nebraska,United States,Solutions Operator,Associate,Onsite,"Control Systems Integration, PLC Programming, HMI Programming, Operator Interface Terminal Programming, Control System Software Installation, Lead Programming, Automation Staff Supervision, Mentorship, System Startup, Client Relationship Development, Selection and Specification of PLCs and HMIs, Instrumentation, Schematic Development, Wiring Diagrams, Windows Operating Systems, Ethernet Networking, SCADA Systems, Strong Communication Skills, Teamwork, Attention to Detail, Engineering Degree, Vocational Degree, Technical or Trade School Certification, 3+ Years of Control System Integration Experience, Passion for Mentoring, Handson Technical and Troubleshooting Skills, Familiarity with Windows Operating Systems, Ethernet Networking, SCADA Systems, Ability to Lead Others","Company Description We are Olsson, a team-based, purpose-driven engineering and design firm. Our solutions improve communities and our people make it possible. Our most meaningful asset is our people, and we are dedicated to providing an environment where they can continue to learn, grow, and thrive. Our entrepreneurial spirit is what has allowed us — and will continue to allow us — to grow. The result? Inspired people, amazing designs, and projects with purpose. Job Description As a Control Systems Integration Engineer on our Industrial Facilities Engineering & Design team, your primary role will be the leading the design, programming, and startup of control systems for various projects including water, wastewater, thermal energy, oil & gas, power, and industrial. This position involves communication and coordination with other engineering disciplines, teams, subconsultants, clients, vendors, and contractors. You will be responsible for leading development of PLC and HMI programming, performing system startups, supervision of automation staff, providing ongoing support of existing automation systems, and participation in pursuit of new projects and clients. This position will require occasional travel to project sites for meetings, information collection, and startup activities. Additional duties will include: PLC programming, primarily Allen Bradley (Studio5000). Other platforms, including Siemens and GE Fanuc, are a plus. HMI programming, primarily Wonderware System Platform, Inductive Automation Ignition, and VTSCADA. Other platforms, including Rockwell ViewSE, are a plus. Operator Interface Terminal programming including Allen Bradley Panelview and Automation Direct Cmore. Other platforms, including Siemens, are a plus. Control system software installation. Providing lead programming and automation staff supervision on system integration projects. Providing mentorship and guidance in system setup and programming tasks. Leading on-site control system startup efforts. Developing and maintain client relationships. Selection and specification of Programmable Logic Controllers (PLCs) and Human Machine Interface (HMI) equipment. Assistance with control system design and specification, including instrumentation, schematic development, wiring diagrams, and developing control system sequences of operations. We have one current opening and will consider candidates interested in being located out of our Lincoln, NE or Omaha, NE offices. Qualifications You are passionate about: Working collaboratively with others Having ownership in the work you do Using your talents to positively affect communities You bring to the team: Strong communication skills. Ability to contribute and work well on a team. Attention to detail. Engineering degree, vocational degree, or certification from a technical or trade school. 3 + years of control system integration experience. Passion for mentoring others to help grow a business unit. Hands on technical and troubleshooting skills. Familiarity with Windows Operating Systems, Ethernet networking, and SCADA systems. Ability to lead others. Additional Information Olsson is a nationally recognized, employee-owned firm specializing in planning and design, engineering, field services, environmental, and technology. Founded in 1956 on the very mindset that drives us today, we’re here to improve communities by making them more sustainable, better connected, and more efficient. Simply put, we work to leave the world better than we found it. As an Olsson employee, you’ll receive our traditional benefits package (health care, vision, dental, paid time off, etc.), plus you’ll: Become an owner in the company after your first year through our Employee Stock Ownership Plan (ESOP) Engage in work that has a positive impact in communities Receive an excellent 401(k) match Participate in a wellness program promoting balanced lifestyles Benefit from a bonus system that rewards performance Have the possibility for flexible work arrangements Olsson is an EEO employer. We encourage qualified minority, female, veteran and disabled candidates to apply and be considered for open positions. We do not discriminate against any applicant for employment, or any employee because of race, color, religion, national origin, age, sex, sexual orientation, gender identity, gender, disability, age, or military status. Show more Show less"
linkedin:3580065885,archive,2024-01-14,https://www.linkedin.com/jobs/view/lead-sales-associate-pt-at-dollar-general-3580065885,https://www.linkedin.com/jobs/view/lead-sales-associate-pt-at-dollar-general-3580065885,2024-01-21 08:08:25.628853+00,1,1,0,LEAD SALES ASSOCIATE-PT,Dollar General,"Tipton, IN",2024-01-14,Carmel,United States,Circulation-Sales Representative,Mid senior,Onsite,"Cashier, Stocker, Lead capacity, Planograms, Customer service, Unloading trucks, Receiving, Opening cartons, Unpacking cartons and totes, Stocking merchandise, Rotating merchandise, Facing merchandise, Building merchandise displays, Restock merchandise, Order zones, Drop shipment categories, Planogram implementation, Planogram maintenance, Customer assistance, Bailing cardboard, Taking out trash, Dusting and mopping store floors, Cleaning restroom, Cleaning stockroom, Greeting customers, Register countertop maintenance, Register countertop planograms, Cash register operation, Flatbed scanner operation, Itemizing purchases, Totaling purchases, Bagging merchandise, Collecting payment, Making change, Cleaning front end of store, Setting up sidewalk displays, Maintaining a clean and organized store, Facilitating a safe and secure working environment, Facilitating a safe and secure shopping environment, Providing superior customer service leadership, Following company policies, Following company procedures, Standard Operating Procedures manual, Employee Handbook, Company communications, Opening and closing the store, Authorizing refunds, Signing for refunds, Authorizing overrides, Signing for overrides, Counting register, Making bank deposits, Maintaining strict cashier accountability, Maintaining key control, Adhering to company security practices, Adhering to cash control procedures, Monitoring cash levels, Making appropriate drawer pulls, Monitoring cameras, Completing paperwork, Completing documentation, Following guidelines, Meeting deadlines, Mathematical calculations, Addition, Subtraction, Multiplication, Division, Percentages, Cash handling procedures, Cashier accountability, Deposit control, IBM cash register functions, Cash control policies, Facility control policies, Safety control policies, Safety practices, Planogram guidance, Merchandise presentation guidance, High school diploma, Supervisory experience, Related experience, Related training, Equal opportunity employer","Dollar General Corporation has been delivering value to shoppers for more than 80 years. Dollar General helps shoppers Save time. Save money. Every day.® by offering products that are frequently used and replenished, such as food, snacks, health and beauty aids, cleaning supplies, basic apparel, housewares and seasonal items at everyday low prices in convenient neighborhood locations. Dollar General operates more than 18,000 stores in 47 states, and we’re still growing. Learn more about Dollar General at www.dollargeneral.com. GENERAL SUMMARY Function as a Cashier and/or Stocker and act in a lead capacity in the absence of the Store Manager or Assistant Store Manager. Assist in setting and maintaining plan-o-grams and programs. Provide exemplary customer service. Perform other duties as necessary to maximize profitability, customer satisfaction, and teamwork, while protecting company assets and reducing losses. DUTIES and ESSENTIAL JOB FUNCTIONS Unload trucks according to the prescribed process for the store. Follow company work processes to receive, open and unpack cartons and totes. Stock merchandise; rotate and face merchandise on shelves and build merchandise displays. Restock returned and recovered merchandise. Order zones and drop shipment categories, following prescribed ordering practices, as assigned by the Store Manager. Assist in plan-o-gram implementation and maintenance. Assist customers by locating merchandise. Bail cardboard and take out trash; dust and mop store floors; clean restroom and stockroom. Greet customers as they enter the store. Maintain register countertops and bags; implement register countertop plan-o-grams. Operate cash register and flatbed scanner to itemize and total customer's purchase; bag merchandise. Collect payment from customer and make change. Clean front end of store and help set up sidewalk displays. Help to maintain a clean, well-organized store and facilitate a safe and secure working and shopping environment. Provide superior customer service leadership. Follow company policies and procedures as outlined in the Standard Operating Procedures manual, Employee Handbook, and company communications. Open and/or close the store under specific direction of the Area Manager. In the Absence of the Store Manager or Assistant Store Manager Authorize and sign for refunds and overrides; count register; make bank deposits. Assist in maintaining strict cashier accountability, key control, and adherence to company security practices and cash control procedures. Monitor cash levels and make appropriate drawer pulls as directed by the Store Manager. Monitor cameras for unusual activities (customers and employees), if applicable. Supply cashiers with change when needed. Complete all required paperwork and documentation according to guidelines and deadlines as assigned. KNOWLEDGE and SKILLS Ability to perform mathematical calculations such as addition, subtraction, multiplication, division, and percentages. Knowledge of cash handling procedures including cashier accountability and deposit control. Ability to perform IBM cash register functions. Knowledge of cash, facility and safety control policies and practices. Effective interpersonal and oral & written communication skills. Understanding of safety policies and practices. Ability to read and follow plan-o-gram and merchandise presentation guidance. WORK EXPERIENCE and/or EDUCATION High school diploma or equivalent and six months of supervisory experience (or related experience/training) preferred. Relocation assistance is not available for this position. Dollar General Corporation is an equal opportunity employer. Show more Show less"
linkedin:3804234391,archive,2024-01-14,https://www.linkedin.com/jobs/view/entry-level-financial-advisor-at-northwestern-mutual-3804234391,https://www.linkedin.com/jobs/view/entry-level-financial-advisor-at-northwestern-mutual-3804234391,2024-01-21 02:01:08.480557+00,1,1,0,Entry-Level Financial Advisor,Northwestern Mutual,"Fairfield County, CT",2024-01-14,Derby,United States,Change Person,Mid senior,Onsite,"Financial Planning, Financial Services, Wealth Management, Business Development, Banking, Sales, Marketing, Management, Athletics, Education, Military, Entrepreneurship, Bachelor's Degree, Interpersonal Skills, SelfStarter","GET MORE OUT OF YOUR CAREER Choose a career where changing someone else’s life for the better is also life-changing for you – personally, professionally, and financially. FINANCIAL PLANNING WITH NORTHWESTERN MUTUAL Are you looking for more fulfillment from your career? Are you starting to think about a job change? Now’s the time to consider Northwestern Mutual. Our financial professionals help clients reach their goals by developing and implementing financial plans to show clients where they are today, plan where they want to go tomorrow and provide the financial tools and support to help them get there. Sounds exciting and scary all at the same time? Don’t worry, we don’t expect you to know everything on day one. That’s why you’ll receive in-depth training and partner with industry experts until you’re ready to do it on your own. THIS CAREER OFFERS YOU: The ability to positively impact someone else's life. Personalized mentorship and award-winning training, backing by Northwestern Mutual, an industry leader with a proven track record of success. CAN YOU SEE YOURSELF HELPING OTHERS REACH THEIR FINANCIAL GOALS? Many people (50 percent) find their calling in financial services after working in other industries. Wondering if you’d be a good fit? See how many of the characteristics below match up to you: You know how to connect with people, building personal, trusted relationships. Financial planning is interesting to you. You’re a driven person who’s committed to succeeding. You’re ready to earn more for your hard work. You enjoy helping people make more informed, confident decisions. You're ready to live the life you want, both personally and professionally. A CAREER WITH ENDLESS OPPORTUNITIES This career is primarily commission-based but also includes stipends and bonuses. It allows you to control what you would want to earn at any given time in your career. To give you an idea, our financial professionals are making on average about $60,000 in their first year, and there is potential for much more. What’s the catch? The first years can be tough as you’re learning the business. But the trade-off is that you get to define what success looks like. INCOME GROWTH OPPORTUNITY: Average vs Top 25% Year 1 |$52,000 - $106,000 Year 3 | $103,000 - $202,000 Year 5 | $139,000 - $289,000 Year 10 | $234,000 - $490,000 Year 15 | $341,000 - $790,000 Beyond income, you'll also have access to a comprehensive benefits package: Comprehensive medical insurance Two pension plans Life and Disability insurance Health care and dependent care Reimbursement for licensing and ongoing education We want people with different backgrounds and work experience, including but not limited to: Financial services Business development Hospitality Banking Sales Marketing Management Athletics Educators Military Veterans Entrepreneurs Bachelor's degree Strong interpersonal skills Self-Starter *** Financial Representative | Financial Advisor | Wealth Management Advisor *** About Northwestern Mutual: At Northwestern Mutual we believe that everyone deserves to spend their lives living’ and that a strong financial plan is a cornerstone for ensuring that reality! Financial security is not just something that happens in retirement but is an enabler for our clients to spend their life living! Our teams of financial advisors across the nation embody these beliefs and are committed to helping clients reach their financial goals. With over 50% of Americans citing that their financial planning needs improvement, a career with Northwestern Mutual provides abundant opportunities to serve this growing need! Recognized by FORTUNE as one of the ""World's Most Admired"" companies, Northwestern Mutual has been among the leaders in the financial services industry for nearly 160 years and has a proven track record of financial success. Show more Show less"
linkedin:3764869128,archive,2024-01-14,https://www.linkedin.com/jobs/view/senior-associate-tax-product-analyst-at-kpmg-us-3764869128,https://www.linkedin.com/jobs/view/senior-associate-tax-product-analyst-at-kpmg-us-3764869128,2024-01-21 02:01:10.496553+00,1,1,0,"Senior Associate, Tax - Product Analyst",KPMG US,"Chicago, IL",2024-01-14,Calumet City,United States,Stand-In,Associate,Onsite,"Microsoft Office Suite, UML, Flow Charting Software, Change Control/Defect Tracking Software, Project Management Methodologies, Design Tools, Bachelor's Degree in Computer Science, Understanding of SOA (Service Oriented Architecture), ASP.NET, SQL, XML, Design Patterns, Researching, Planning, Recommending Software and Systems Solutions, Skilled in Organizing Information, Partnership/Corporate Tax Experience, Reviewing Meeting Notes, Specifications, Interviewing Clients Architects and Developers","Requisition Number: 108199 - 32 Description: At KPMG, you can become an integral part of a dynamic team at one of the world's top tax firms. Enjoy a collaborative, future-forward culture that empowers your success. Work with KPMG's extensive network of specialists & enjoy access to our Ignition Centers, where deep industry knowledge merges with cutting-edge technologies to create innovative tax solutions. Join a diverse team helping high-profile clients understand, analyze, and respond to complex business opportunities and challenges. Develop your career through a range of multifaceted engagements, formal training, and informal mentoring. At KPMG, we believe nothing is more important than investing in our culture because it's an investment in our people, our future, and what we stand for as a firm KPMG is currently seeking a Senior Associate to join our Business Tax Services practice. Responsibilities: Prioritize work to meet milestones and complete deliverables in a timely manner while adhering to the business requirements throughout the project lifecycle Prepare documentation, presentations, charts, tables, and diagrams and conduct reviews for scope, business justification and business requirements including use cases, design documents, prototypes, and business rules Review test plans and scenarios to help ensure an accurate, effective product and participate in functional and system testing as needed, identifying, and documenting system deficiencies and recommending new methodology Assist with Partnership tax compliance interpretations on a federal and state level. Perform tax technical research of forms, calculation rules, and taxing jurisdictions Prepare detailed specifications for developers and apply technical experience in evaluating software modifications that will enhance operating and development activities May oversee work product, manage deadlines, expectations and often contributing to staffing decisions and supervising the work performed by more junior staff Qualifications: Minimum two years of recent hands-on experience using Microsoft Office Suite, UML, flow charting software, change control/defect tracking software, project management methodologies and design tools Bachelor's degree in Computer Science or a related discipline from an accredited college/university Skilled in organizing information based on reviewing meeting notes, specifications, interviewing clients, architects, and developers Minimum two years of recent partnership/corporate tax experience in an accounting firm, corporation and / or law firm Understanding of SOA (Service Oriented Architecture), ASP.NET, SQL, XML and Design Patterns Experience in researching, planning, and recommending software and systems solutions KPMG complies with all local/state regulations regarding displaying salary ranges. If required, the ranges displayed below or via the URL below are specifically for those potential hires who will work in the location(s) listed. Any offered salary is determined based on relevant factors such as applicant's skills, job responsibilities, prior relevant experience, certain degrees and certifications and market considerations. In addition, the firm is proud to offer a comprehensive, competitive benefits package, with options designed to help you make the best decisions for yourself, your family, and your lifestyle. Available benefits are based on eligibility. Our Total Rewards package includes a variety of medical and dental plans, vision coverage, disability and life insurance, 401(k) plans, and a robust suite of personal well-being benefits to support your mental health. Depending on job classification, standard work hours, and years of service, KPMG provides Personal Time Off per fiscal year. Additionally, each year the firm publishes a calendar of holidays to be observed during the year and provides two firmwide breaks each year where employees will not be required to use Personal Time Off; one is at year end and the other is around the July 4th holiday. Additional details about our benefits can be found towards the bottom of our KPMG US Careers site at ' Benefits & How We Work '. Follow this link to obtain salary ranges by city outside of CA: https://www.kpmg.us/work-for-kpmg/pay-transparency.html/?id=M310B-4 KPMG LLP (the U.S. member firm of KPMG International) offers a comprehensive compensation and benefits package. KPMG is an affirmative action-equal opportunity employer. KPMG complies with all applicable federal, state and local laws regarding recruitment and hiring. All qualified applicants are considered for employment without regard to race, color, religion, age, sex, sexual orientation, gender identity, national origin, citizenship status, disability, protected veteran status, or any other category protected by applicable federal, state or local laws. The attached link contains further information regarding the firm's compliance with federal, state and local recruitment and hiring laws. No phone calls or agencies please. KPMG recruits on a rolling basis. Candidates are considered as they apply, until the opportunity is filled. Candidates are encouraged to apply expeditiously to any role(s) for which they are qualified that is also of interest to them. KPMG does not currently require partners or employees to be fully vaccinated or test negative for COVID-19 in order to go to KPMG offices, client sites or KPMG events, except when mandated by federal, state or local law. In some circumstances, clients also may require proof of vaccination or testing (e.g., to go to the client site). Show more Show less"
linkedin:3774789412,archive,2024-01-14,https://www.linkedin.com/jobs/view/human-resources-generalist-at-sig-group-3774789412,https://www.linkedin.com/jobs/view/human-resources-generalist-at-sig-group-3774789412,2024-01-21 02:01:11.055571+00,1,1,0,Human Resources Generalist,SIG Group,"Merced, CA",2024-01-14,Merced,United States,Manager Benefits,Mid senior,Onsite,"Employee relations, Employee selection, Policies and procedures, Training, Performance management, Microsoft Office, SAP, ADP, Time and attendance systems, PHR/SPHR, Labor laws, Regulations, Conflict resolution, Communication skills, Problemsolving skills, Teamwork skills, Leadership skills, Adaptability, Initiative, Motivation, Commitment, Integrity, Confidentiality","YOU MAY BE OUR NEW HR Generalist SUMMARY OF ROLE: This position consults and is responsible for areas that include employee relations, employee selection, policies and procedures, training, and performance management. The HR Manager fulfills the responsibilities of this role when vacant. Location: Merced, CA Pay Range: 70,000.00- 75,000.00 KEY RESPONSIBILITIES: Consults with managers on employee issues and provides a variety of human resources solutions to meet business initiatives. Creates and implements a comprehensive strategy for employee relations programs. Responsible for onboarding and new hire processes. Oversees payroll and timekeeping process. Processes hourly payroll on a weekly basis as needed. Administers leave of absence including, but not limited to FMLA, CFRA and ADA. Coordinates the use of temporary employees as needed with vendors and acts as liaison to leadership by assigning temporary staff, cancellation of temporary assignments, process of invoices and monthly reports. Maintains a professional and positive employee relations environment that is consistent with implementation of progressive management practices. Will assist other locations with employee-related issues when needed. Provides HR Generalist support across the operations organization. Provides training for managers and associates on compliance questions, policy issues and HR audit matters. Works with outside recruiting firms in the selection of talented individuals to assist the organization in meeting business initiatives. Functions as the liaison between contractors and legal. Provides counsel to managers and employees regarding company policies, procedures and workplace issues. Advises managers on the interpretation of employment law. Assists leadership in analyzing and resolving employee relations issues. Enters and updates Human Resource Information System and Timekeeping records for Non-Exempt associates and prepares reports from the database as needed. Updates employee files to document personnel actions and to provide information for payroll and other uses. Coordinates employee events. Actively responds in H.R. as a customer service agent. Assists in Recruitment of hourly employees and other duties as assigned. YOU BRING THESE SKILLS, EXPERIENCE & EDUCATION: EDUCATION: Bachelor's degree (B. A.) from four-year college or university required, with a discipline in Human Resources preferred. SKILLS & EXPERIENCE: 3 to 5 years of human resources experience in a manufacturing environment Knowledgeable in Microsoft Office products, SAP and Time and Attendance systems (ADP Preferred). Good knowledge of employment-related labor laws and regulations. Ability to act with integrity, professionalism, and confidentiality. Excellent verbal and written communication skills. PHR/SPHR preferred. IDEAL CANDIDATES HAVE THESE COMPETENCIES : We are looking for people who are willing to consistently achieve results, even under tough circumstances, employees who create a climate where everyone is motivated to do their best to help the organization achieve its objectives. If you actively seek new ways to grow and be challenged, if you develop people to meet both their career goals and the organization’s goals, SIG is the place for you. To deliver better for our customers, our future colleagues build strong customer relationships and deliver customer-centric solutions. Finally, we are looking for colleagues who build partnerships and work collaboratively with others to meet shared objectives. Are you someone who applies knowledge of business and the marketplace to advance the organization’s goals? Are you someone who can create new and better ways for the organization to be successful? If the answer is ‘yes’, come and join us. WE OFFER: Day 1 Benefits Enrollment Retirement 401K Matching Employee Assistance Program Identity Theft Protection Plan Tuition Reimbursement And more… OUR PROMISE SIG is the place for you to build something incredible. If you join us, you will be part of a globally successful international company, which is leading its industry in sustainability, technology, and more. We think of ourselves as the career launchpad - a place to develop yourself fast with real work, real experience, real opportunities to build skills. You will be part of a highly motivated and dynamic team, you will have personal development opportunities, trainings and coaching opportunities from senior team members. If you show skill and willingness to learn, we'll back you all the way. About Sig SIG is a leading provider of packaging systems and solutions for better. We work in partnership with our customers to bring food products to consumers around the world in a safe, sustainable, and affordable way. We are the only packaging system supplier covering carton, pouch, and bag-in-box. Our versatile technology and product innovation capacity enable us to deliver better for customers, for consumers, and for the world. Sustainability guides us, technology empowers us, but it’s the passion and drive of our people that truly enable us to deliver better. Founded in 1853, SIG is headquartered in Neuhausen, Switzerland, and listed at the SIX Swiss Exchange. Show more Show less"
linkedin:3806558709,archive,2024-01-15,https://au.linkedin.com/jobs/view/supervisor-horticulturist-at-green-options-landscape-management-3806558709,https://au.linkedin.com/jobs/view/supervisor-horticulturist-at-green-options-landscape-management-3806558709,2024-01-21 02:01:14.072528+00,1,1,0,Supervisor - Horticulturist,Green Options Landscape Management,"Sydney, New South Wales, Australia",2024-01-15,New South Wales,Australia,Booking Supervisor,Mid senior,Onsite,"Horticulture, Manual driver's license, Communication skills, Customer service, Teamwork, Safe work practices, Performance reviews, Staff training, Toolbox meetings, Certificate III in Horticulture","Permanent full time position 38-hour work week CBD location Attractive salary + tool of trade About The Role Joining our team means taking on a pivotal role where you'll oversee on-site activities, ensuring both efficiency and safety. Your proactive approach will be key in developing and implementing safe work practices, fostering a culture of safety within the team. Performance reviews and mentorship are integral as you support the professional growth of your colleagues. You'll play a crucial part in identifying and reporting workplace health and safety issues, demonstrating a commitment to a secure work environment. Responsibilities Supervising the team's on-site activities to ensure efficient and safe operations. Assisting in the development and implementation of safe work practices, fostering a culture of safety within the team. Participating in performance reviews to provide feedback and support the professional growth of team members. Mentor and provide staff training. Proactively raising any workplace health and safety (WHS) issues to the State Manager or WHS Advisor for timely resolution. Actively participating in scheduled toolbox meetings to discuss safety updates, share insights, and address concerns. Benefits Comprehensive Salary Package Tool of Trade Vehicle with reasonable personal usage. Flexible Working Hours Uniform and PPE provided Social Events Key Employee Development Program Opportunities for growth and further training Supportive management team Fantastic team culture About You Certificate III in Horticulture and industry experience Current and valid manual driver's licence Reliable, punctual and hard-working Well presented with excellent communication skills Passion for providing high-level customer service Enjoy working as part of a team Strong commitment to safe work practices Our Team & Culture Discover Green by Nature, the merge of four leading landscape services businesses across Australia and New Zealand: Green Options, Super Gardens, Skyline Landscape Services, and Recreational Services. With a 120-year legacy, our Group's purpose is to enhance lives by constructing, nurturing, and maintaining exceptional green spaces. As a dynamic force in the industry, we invite you to join us in shaping a future where the collective strength of our team transforms landscapes and uplifts communities across Australasia. At Green by Nature, we embrace and celebrate diversity, equity, and inclusion. We believe that a diverse and inclusive workplace is essential to creating an environment where everyone can thrive. We welcome and encourage applicants from all backgrounds. How to Apply Grow with us at Green by Nature! Submit your resume today. Show more Show less"
linkedin:3789079583,archive,2024-01-13,https://www.linkedin.com/jobs/view/analyst-associate-plan-configuration-quality-control-at-rite-aid-3789079583,https://www.linkedin.com/jobs/view/analyst-associate-plan-configuration-quality-control-at-rite-aid-3789079583,2024-01-21 02:01:15.820041+00,1,1,0,"Analyst, Associate Plan Configuration & Quality Control",RITE AID,"Yocumtown, PA",2024-01-13,Lebanon,United States,Quality Assurance Analyst,Mid senior,Onsite,"PharmScreens, PBM Express, Benefit compare tool, User acceptance testing, Benefit configuration, Adjudication, Process improvement, Health Administration, Medicare Part D","The Associate Plan Configuration and Quality Control Analyst is an entry level position responsible for supporting the benefit design administration functions of the company including the overall configuration of new client benefit plan designs, changes to existing client benefit plan designs and quality control measures. Review and ensure accuracy of documented/submitted client plan/benefit configuration requirements Configure client plan/benefit design within the PBM Express (PharmScreens) software platform Review benefit set up via benefit compare tool and other quality control measures to ensure configuration accuracy and compliance Serve as configuration project liaison between Account Services team and direct client contacts Perform preliminary user acceptance testing for any new configuration/software logic that may have required development in order to satisfy a client plan/benefit design Monitor and ensure adherence to all plan/benefit configuration assigned timelines Serve as point of contact for troubleshooting plan/benefit configuration and/or adjudication issues and related questions Identify and present to leadership process improvement activities regarding benefit configuration Provide training, as applicable, on benefit configuration activities. Field questions from various levels of management pertaining to benefit configuration Document testing results and applicable reporting EDUCATION REQUIREMENTS Education Level GED Bachelor Degree Area of Specialization Health Administration LICENCES/CERTIFICATIONS Not Applicable WORK EXPERIENCE Experience PBM/ Pharmacy Benefit Configuration experience Medicare Part D Show more Show less"
linkedin:3654168951,archive,2024-01-14,https://www.linkedin.com/jobs/view/custodial-supervisor-palm-beach-area-at-charter-schools-usa-3654168951,https://www.linkedin.com/jobs/view/custodial-supervisor-palm-beach-area-at-charter-schools-usa-3654168951,2024-01-21 02:01:20.607029+00,1,1,0,Custodial Supervisor - Palm Beach Area,Charter Schools USA,"West Palm Beach, FL",2024-01-14,Palm Springs,United States,Charter,Mid senior,Onsite,"Custodial maintenance, General cleaning, Deep cleaning, Glass and mirror cleaning, Floor work (carpet tile VCT), Third party supplier management, Service provider management, Problem isolation, Contractor meetings, Bid collection, Custodial team supervision, Project status tracking, Trend analysis data provision, Time tracking, Mileage tracking, Material tracking, Tool tracking, Special project oversight, Custodial issue troubleshooting, Estimate creation, Schedule creation, Timeline creation, Project deliverables, Travel within and outside of state, Training participation, Current development review, Literature review, Technical source review, OSHA compliance, MSDS compliance, Safety procedures, Handheld radio usage, Microsoft Office software, Administrative skills, Organizational skills, Communication skills, Writing skills, Documentation skills, OSHA familiarity, MSDS familiarity, Building and fire code familiarity, Inspection processes, Time management skills, Organizational skills, Prioritization skills, High school diploma, Continuing education (custodian janitorial or facilities related), 7 years of custodian or facilities maintenance experience, English language proficiency (written and spoken), Usual office working conditions, Physical exertion (up to 50 pounds occasionally and up to 75 pounds frequently)","JOB PURPOSE Ensure existing facilities are kept clean, safe and well maintained. Essential Duties And Responsibilities The Custodial Supervisor shall: Be physically skilled and able to address all types of custodial maintenance issues within the school(s). Facilitate and monitor the following areas of custodian maintenance: General cleaning and deep cleaning, glass and mirrors, floor work (to include carpet, tile, VCT and other hard surfaces), additional items as they arise. Manage Third Party Suppliers and Service Providers Identify & isolate larger problems, meet with contractors, obtain bids. Supervise entire Day and Night Custodial Teams. Track and report status of open projects. Provide historical data for analyzing trends. Track time, mileage, materials, tools. Oversight of special projects, facilitate and troubleshoot ongoing custodial and janitorial issues within schools. Monitor and create estimates, schedules, and timelines for new and existing project deliverables. Travel within and outside the state as the job dictates. Participate, successfully, in the training programs offered to increase the individual's skill and proficiency related to the assignments. Review current developments, literature and technical sources of information related to job responsibility. Follow federal and state laws, as well as company policies. Ensure adherence to OSHA, MSDS and maximum safety procedures. Perform other duties as delegated by Assistant Director of Projects & Facilities, Facilities Supervisor. Responsible for ensuring that each Facility is secure (locked) and security system appropriately activated at the end of each night shift. Supervise, manage and/or participate in the setting up and tear down of special events and Facility closing procedures. ACCOUNTABILITY PROCEDURES Assistant Director of Projects & Facilities, Supervisor I/II/III will assess the effectiveness annually with respect to the performance of specific responsibilities. Must carry hand-held radio at all times while on school property if assigned by Supervisor Assigned a 30-minute lunch break but the time of the lunch period will be changed accordingly to the school's needs. All Supervisors are required to report and assist with all emergency situations as needed. Supervisor is not allowed to leave campus to run errands (personally or for the school) without permission from their Supervisor. MAY PERFORM OTHER DUTIES AS ASSIGNED** DISCLAIMER The above statements are intended to describe the general nature and level of work being performed. They are not intended to be an exhaustive list of all responsibilities, duties and skills required personnel so classified. Skills And Knowledge Knowledge of custodial/janitorial trade and facilities maintenance requirements including ability to understand, communicate, manage, and deal effectively with vendors, contractors, and suppliers. Supervisory experience in leading work crews and direct oversight of custodial staff. Ability to provide custodial service and facilities maintenance for multiple locations. Strong knowledge and experience understanding custodial services (general and deep cleaning, floor work to include carpet, tile and VCT), cleaning chemicals and cleaning equipment. Ability to perform intermediate level mathematical functions and calculations. Excellent administrative and organizational skills, expert in communication, writing, and documentation abilities. Familiarity with OSHA, MSDS, state and local building and fire codes, and inspection processes. Strong time management & organizational skills and the ability to prioritize wisely. Computer knowledge and experience with all Microsoft Office software, ability to manage online documentation of service requests, utilize time and material tracking programs. Bilingual (English/Spanish speaking) preferred, but not required. Job Requirements Education -- minimum high school graduate with continuing education custodian, janitorial or facilities related. Experience -- A minimum of 7 years of custodian related maintenance and/or facilities maintenance experience. Language -- Efficient in English skills including writing and speaking. Special Qualifications --Must possess the above knowledge, skills, and abilities (Skills and Knowledge). WORK ENVIRONMENT Responsibilities While performing the responsibilities of this position, the work environment characteristics listed below are representative of the environment the employee will encounter: Usual office working conditions. PHYSICAL DEMANDS Exerting up to 50 pounds of force occasionally, and/or up to 75 pounds of force as frequently as needed to move objects. TERMS OF EMPLOYMENT Salary and benefits shall be paid consistent with CSUSA salary and benefit policy. Length of the work year and hours of employment shall be those established by Charter Schools USA. FLSA OVERTIME CATEGORY Job is exempt from the overtime provisions of the Fair Labor Standards Act. EVALUATION Performance will be evaluated in accordance with Charter Schools USA's policy. DECLARATION The Charter Schools USA Human Resources Department retains the sole right and discretion to make changes to this job description. Any employee making changes unauthorized by Human Resources Department will be subject to disciplinary action up to and including termination. Show more Show less"
linkedin:3787735858,archive,2024-01-15,https://www.linkedin.com/jobs/view/outside-sales-b2b-forest-hill-md-at-welcome-wagon-3787735858,https://www.linkedin.com/jobs/view/outside-sales-b2b-forest-hill-md-at-welcome-wagon-3787735858,2024-01-19 09:45:09.215838+00,0,0,0,"Outside Sales - B2B - Forest Hill, MD",Welcome Wagon,"Forest Hill, MD",2024-01-15,Maryland,United States,Double,Mid senior,Onsite,,
linkedin:3801865312,archive,2024-01-14,https://www.linkedin.com/jobs/view/rn-executive-director-hospice-at-lhc-group-3801865312,https://www.linkedin.com/jobs/view/rn-executive-director-hospice-at-lhc-group-3801865312,2024-01-21 07:12:34.963881+00,1,1,0,RN Executive Director Hospice,LHC Group,"Wytheville, VA",2024-01-14,Bluefield,United States,Director Nursing Service,Mid senior,Onsite,"healthcare operations, nursing, leadership, hospice care, patient care management, Medicare / Medicaid compliance, QAPI planning and processes, CPR certification, Driver's License and vehicle insurance, supervisory or administration management experience, terminally ill care experience","Summary We are hiring for an Executive Director in Hospice. At Wythe Hospice of Southwest Virginia, we embrace a culture of caring, belonging, and trust and enjoy the meaningful connections that come from it: for the whole patient, their families, each other, and the communities we serve—it truly is all about helping people. You can find a home for your career here. As a Field Leader, you can expect: leadership and engagement with diverse teams across the operation opportunities to create strategies that drive best-in-class care for patients & families flexibility for true work-life balance career and leadership development If you love nursing and have an interest in healthcare operations, this is a great opportunity for you. Responsibilities The RN Executive Director in Hospice supervises all aspects of patient care, all activities of professional staff and allied health personnel, regulatory requirements compliance, financial performance, and quality assurance performance improvement activities for agency. The Executive Director or alternate will be available on site during business hours and additionally, if needed. Responsible for compliance with all regulations, laws, policies and procedures, that are applicable to hospice and Medicare / Medicaid issues when applicable on a daily basis. Immediately available (or has Alternate Designee) to be on-site during business hours or immediately available by telephone when off-site conducting agency business, available after hours as needed. Directs the day-to-day operations of the agency and acts as the driver for the Care Management Process. The Executive Director or designee RN, such as a Patient Care Manager, will receive daily report on patients from staff. This process also includes review of patient care paperwork, referral information, recertification processes, discharge information, and event reporting, etc. on a daily basis. Reviews monthly financials relative to all aspects of the operation to assure that quality patient care is delivered in the most cost-effective manner. Participates in the QAPI planning and processes, reporting, and improvement action plans as indicated. This includes chart audits, patient satisfaction, financials, contracts, patient/family complaints, etc. and appropriate follow-up. Education And Experience License Requirements Must be a licensed physician; licensed registered nurse; licensed social worker; or a Bachelor's degree college graduate with at least three (3) years of documented success in discipline/field of study and a minimum of one (1) year of full time experience in a hospice, home health, or other health care delivery system setting. Three (3) years of health care leadership preferred. Current CPR certification required for Executive Directors who may provide services to patients in the field. Current Driver's License and vehicle insurance, and access to a dependable vehicle, or public transportation. Additional State Requirements VA: One year, within the last 5 years of supervisory or administration management experience in hospice care, or related health care delivery system. VA: Experience with the terminally ill required. Company Overview LHC Group is committed to a culture of diversity, equity and inclusion and is an equal opportunity employer. All qualified applicants will receive consideration for employment without regard to race, color, religion, sex, sexual orientation, gender identity, national origin, disability, status as a protected veteran, or any legally other protected characteristic. Wythe Hospice a part of LHC Group family of providers – the preferred post-acute care partner for hospitals, physicians, and families nationwide. We deliver high-quality, cost-effective care that supports our patients when and where they need it. From our home health, hospice, and community-based services to inpatient care at our clinics and hospitals, our mission is to reach more patients and families with effective and efficient healthcare. More hospitals, physicians, and families choose LHC Group because we are united by a single shared purpose: It's all about helping people. Show more Show less"
linkedin:3805761853,archive,2024-01-14,https://www.linkedin.com/jobs/view/chef-de-cuisine-at-goodwin-recruiting-3805761853,https://www.linkedin.com/jobs/view/chef-de-cuisine-at-goodwin-recruiting-3805761853,2024-01-21 07:12:35.170823+00,1,1,0,Chef de Cuisine,Goodwin Recruiting,"Brookfield, WI",2024-01-14,Milwaukee,United States,Sous Chef,Mid senior,Onsite,"Chef de Cuisine, Executive Sous Chef, Hospitality, Culinary, Food and Beverage, Menu Development, Menu Engineering, Food Preparation, Sanitation, Food and Labor Cost Control, Multitasking, Time Management, ServSafe Certification, High School Diploma, Culinary Schooling, Apprenticeship, Work Experience, Diversity and Inclusion","To Apply for this Job Click Here Midwest Hospitality Group seeks a Chef de Cuisine to lead its Culinary Team. The ideal candidate will possess experience as a Chef de Cuisine and/or Executive Sous Chef in Independent Restaurants or Hotel Food & Beverage operations. Are you looking for a new challenge with a stable Company whose Culture is focused on providing the Guest with the highest quality Food and Service and offers growth opportunities? If so, please submit your resume today! Benefits Salary - $80,000 to $90,000 Health insurance Life insurance Free Parking Shift Meals PTO immediately Company Discounts Responsibilities Ensure proper team coverage to execute a high level of production while keeping payroll costs in line Oversee ordering, receiving, storage (including temperature-setting) usage, and rotation of food Works with Maintenance in the repair of equipment and preventative maintenance programs Assists with menu development and engineering Leads culinary staff in the proper preparation of menu items and sanitation Spearheads the development and execution of special events, VIP parties, and staff events Facilitates all requested menu tastings for hotel events Maintains procedures for cost controls and product quality Responsible for safety and sanitation practices Requirements Minimum of High school education Apprenticeship, culinary schooling, or equivalent work experience beneficial ServSafe Certification 3-5 years of experience in a full-service high-end hotel or resort with high volume in multiple outlets Dedication to the execution of food products, standard recipes, and proper preparation Understanding of food and labor cost controls, and other controllable costs Ability to multi-task and manage many tasks At Goodwin Recruiting we are committed to our core values. We take our value, Dedicated to Diversity & Inclusion, very seriously and will never discriminate against a candidate or client based on any protected classes. Our clients seek qualified candidates, and that is what we deliver. A person's age, gender, race, sexual orientation, gender identity, national origin, veteran or disability status, or arrest or conviction record has no bearing on whether he, she, or they are able to do the job. We evaluate the knowledge, skills, and abilities that meet the requirements of the position and aim to open doors and change lives. We value all people, understanding that uniqueness and diversity foster a stronger team that is innovative and brings varying perspectives to the table. We put our money where our mouth is and are proud of our efforts to identify a broad slate of candidates, with many hiring success stories to share. JOB ID : 126114 #post Rick Duarte To Apply for this Job Click Here $80,000 - $90,000 Show more Show less"
linkedin:3795910227,archive,2024-01-15,https://www.linkedin.com/jobs/view/test-conductor-space-systems-at-northrop-grumman-3795910227,https://www.linkedin.com/jobs/view/test-conductor-space-systems-at-northrop-grumman-3795910227,2024-01-21 06:01:19.472942+00,1,1,0,Test Conductor - Space Systems,Northrop Grumman,"Gilbert, AZ",2024-01-15,Chandler,United States,Conductor,Mid senior,Onsite,"Electrical Engineering, Requirements Derivation, Test Development, Test Procedure, Script Development, Satellite Systems, Python, Perl, Bash, Labview, Linux, Windows, Aerospace Industry","At Northrop Grumman, our employees have incredible opportunities to work on revolutionary systems that impact people's lives around the world today, and for generations to come. Our pioneering and inventive spirit has enabled us to be at the forefront of many technological advancements in our nation's history - from the first flight across the Atlantic Ocean, to stealth bombers, to landing on the moon. We look for people who have bold new ideas, courage and a pioneering spirit to join forces to invent the future, and have fun along the way. Our culture thrives on intellectual curiosity, cognitive diversity and bringing your whole self to work - and we have an insatiable drive to do what others think is impossible. Our employees are not only part of history, they're making history. At Northrop Grumman, our employees have incredible opportunities to work on groundbreaking systems in air and space that impact people's lives around the world today, and for generations to come. Our work preserves freedom and democracy, advances human discovery and improves our understanding of the universe. We look for people who have bold new ideas, courage and a pioneering spirit to join efforts to invent the future while having fun along the way. Our culture thrives on intellectual curiosity, cognitive diversity and bringing your whole self to work - and we have an insatiable commitment to do what others think is impossible. Our employees are not only part of history, they're making history. Northrop Grumman Tactical Space Systems is looking for a Level 2 Electrical Test Conductor for our Gilbert, AZ facility. Job Responsibilities Responsible to ensure engineering tests serve mission objectives and mechanisms are in place to execute the tests. Oversees the operational aspects of engineering tests and serves as liaison to program, engineering and line management. Reviews status of test requirements, ability to manage individual test schedule and prepare reports. Selects and supervises technicians during test. Assesses anomalies and develops resolutions to documented procedures in conjunction with Test and Quality Engineering. Job Knowledge/Technical Skills - General understanding and application of electrical engineering technical standards. General technical expertise and working knowledge of other related disciplines. Capable of preparing electrical engineering materials for Requirements and Design Reviews. Problem Solving/Innovation - With guidance, studies basic design concepts and criteria for more complex problems. Applies electrical engineering principles to adapt or improve upon heritage features from previous successful designs of a similar nature. Requirements Derivation/ Test Development - Develop and oversee test programs as needed to evaluate components and systems. Supports and leads the testing and/or evaluation/validation of an electrical component, subsystem, or system analytical model or actual system implementation. Peer Review/Oversight - Provides formal peer review of simple engineering designs or analyses for less experienced engineers. Software development skills, including implementation, and debugging. Test procedure and script development and support for satellite level systems Basic Qualifications: Bachelor Degree in Electrical Engineering or other STEM discipline and 0 years of Engineering experience OR 4 years of related test experience in lieu of degree. Must be able to support multiple shifts when needed U.S Citizenship required and must have an ability to obtain an DoD Top Secret Clearance. Excellent writing skills Preferred Qualifications: Active TS/SCI clearance. Experience working in a Test Engineering environment Experience with Python, Perl, Bash and Labview. Experience with Linux and Windows operating systems. Aerospace industry experience Salary Range: $66,600 - $99,800 The above salary range represents a general guideline; however, Northrop Grumman considers a number of factors when determining base salary offers such as the scope and responsibilities of the position and the candidate's experience, education, skills and current market conditions. Employees may be eligible for a discretionary bonus in addition to base pay. Annual bonuses are designed to reward individual contributions as well as allow employees to share in company results. Employees in Vice President or Director positions may be eligible for Long Term Incentives. In addition, Northrop Grumman provides a variety of benefits including health insurance coverage, life and disability insurance, savings plan, Company paid holidays and paid time off (PTO) for vacation and/or personal business. Northrop Grumman is committed to hiring and retaining a diverse workforce. We are proud to be an Equal Opportunity/Affirmative Action Employer, making decisions without regard to race, color, religion, creed, sex, sexual orientation, gender identity, marital status, national origin, age, veteran status, disability, or any other protected class. For our complete EEO/AA and Pay Transparency statement, please visit http://www.northropgrumman.com/EEO . U.S. Citizenship is required for most positions. Show more Show less"
linkedin:3682088743,archive,2024-01-15,https://mx.linkedin.com/jobs/view/sewer-at-stryker-3682088743,https://mx.linkedin.com/jobs/view/sewer-at-stryker-3682088743,2024-01-21 02:01:09.882561+00,1,1,0,Sewer,Stryker,"Tijuana, Baja California, Mexico",2024-01-15,Coronado,United States,Costumer,Associate,Onsite,"Sewing Machine Operation, Quality Standards, Productivity Standards, Sewing Safety, Sewing Efficiency, Sewing Quality, Sewing Machine Maintenance, Sewing Machine Cleaning, Machine Malfunction Reporting, Safety Reporting, Production Standards, Production Reporting, Scrap Reporting, Quality Reporting, Primary Education (Desirable), Spanish (100%)","Descripción de puesto Lo siguiente no pretende representar una lista completa de responsabilidades laborales, si no delinear las FUNCIONES ESENCIALES de la posición. Objetivo: Operar una o varias Máquinas de Costura bajo los Estándares de Calidad y Niveles de Productividad que establece la Empresa. Funciones principales: En base a las especificaciones de planeación y el material requerido, opera la Máquina de Costura bajo Estándares de Seguridad, Eficiencia y Calidad. Hace los ajustes de las tensiones a la Máquina de Costura de acuerdo al material asignado y realiza el cambio de agujas Responsable de mantener organizada y limpia su estación de trabajo, así como su máquina y herramientas. Solicita a través de su Líder apoyo para ajustar o atender cualquier falla por el mal funcionamiento de la máquina de costura. Reporta a su Jefe Inmediato cualquier condición insegura en su área Responsable de cumplir con el estándar de producción y calidad de acuerdo a los diferentes procesos productivos. Puede llenar reportes de control de producción, scrap, calidad, etc. Especificaciones del puesto: Reporta a: Jefe de línea Puestos que le pueden reportar directamente: no aplica Numero de subordinados que le reportan directamente: no aplica Escolaridad requerida: primaria (deseable) Experiencia requerida: No necesaria Conocimiento computacional: no aplica Idioma: Español 100% R498736 Mostrar más Mostrar menos"
linkedin:3787104995,archive,2024-01-16,https://www.linkedin.com/jobs/view/builder-territory-manager-seattle-wa-at-shaw-industries-3787104995,https://www.linkedin.com/jobs/view/builder-territory-manager-seattle-wa-at-shaw-industries-3787104995,2024-01-21 06:01:12.676071+00,1,1,0,"Builder Territory Manager - Seattle , WA",Shaw Industries,"Seattle, WA",2024-01-16,Bellevue,United States,Exhibit Builder,Mid senior,Onsite,"Flooring sales, Interior design, Sales, Communication, Negotiation, Time management, Problem solving, Teamplayer, Lifting, Building displays, Reports, Data analysis, Account management, Customer satisfaction, Collaboration, Product knowledge, Sales training","Job Title Builder Territory Manager - Seattle , WA Position Overview Shaw manufactures and distributes carpeting, hardwood, laminate, resilient flooring, and ceramic tile for residential and commercial applications worldwide. A Builder Territory Sales Manager is required to maintain and increase Shaw’s profitability and market share in a geographical area by servicing established Shaw dealers as well as driving specifications through single and multi-family owners, architects, and strategic account managers. Responsibilities Increase profitable business in assigned geographic area by servicing established Shaw dealers and identifying new opportunities to increase market share. Drive specifications through single and multi-family owners, architects, and strategic account managers. Perform daily sales calls. Help the customer grow their business by analyzing reports and identifying customer needs. Develop ways to increase market share in customer design centers / showrooms. Build strong customer relationships. Provide account management of high volume transactional business for large and strategic accounts to ensure customer satisfaction. Collaborate with customers and internal personnel on style and design trends to drive sales and market share. Maintain a working knowledge of all flooring products and categories. Collaborate with the specification team on new and existing business opportunities. Implement major market programs and services, downstream product specifications. Ensure national account specifications are successfully implemented in assigned geographic area. Ensure timely and accurate communication with customers and internal departments on ADV, rebates, claims, building flooring programs, and back-ordered products. Respond to customer needs and requests for information and samples. Utilize negotiation skills to reach optimal solutions in challenging situations. Set up displays in showrooms and design centers, which can weigh up to 50 pounds. Conduct product knowledge training sessions to dealers and end users. Prepare reports of business transactions and sales reports showing sales volume and potential sales. Prepare and communicate periodic sales reports outlining actual sales information and goals, competitive market conditions and product needs. Requirements A high-school diploma or equivalent is required Relevant experience in flooring sales, interior design or builder channel trade sales required. Completion of the Shaw sales trainee program can be substituted for experience. Must be self-motivated and possess good organizational skills. Requires good communication and negotiation skills. Requires good time management skills. Must be able to work a flexible schedule that may include some evenings. Must conduct oneself professionally both in the workplace and the community. Demonstrated ability to problem solve and navigate ambiguity Must be a team player Territory Managers must travel in a vehicle that can carry a number of product sample boards; this would require a van or an approved SUV. Ability to lift samples and build displays. Must reside within territory Competencies Build Customer Satisfaction Initiate Actions Deliver Compelling Communication Build Trusting Relationships Work Shift 8 Hr non-rotating shift, Hrs fall to in punch day, Observed Calendar, shift starts AM Shaw Industries is an equal opportunity employer that is committed to diversity and inclusion in the workplace. We prohibit discrimination and harassment of any kind based on race, color, sex, gender identity, religion, sexual orientation, national origin, disability, genetic information, pregnancy, protected veteran status, or any other protected characteristic as outlined by federal, state, or local laws. Show more Show less"
linkedin:3805737619,archive,2024-01-14,https://www.linkedin.com/jobs/view/travel-allied-health-professional-ct-technologist-at-atlas-medstaff-3805737619,https://www.linkedin.com/jobs/view/travel-allied-health-professional-ct-technologist-at-atlas-medstaff-3805737619,2024-01-21 06:01:13.520931+00,1,1,0,Travel Allied Health Professional - CT Technologist,Atlas MedStaff,"Tacoma, WA",2024-01-14,Tacoma,United States,Nuclear Medicine Technologist,Mid senior,Onsite,"CT Technologist, Computed Tomography, Allied Health Professional, Radiology, Medical Imaging, Healthcare, Hospital, Patient Care, Communication, Teamwork, ProblemSolving, Attention to Detail, XRay, Radiation Safety, Medical Terminology, Anatomy and Physiology, Equipment Maintenance","Atlas MedStaff is seeking a travel CT Technologist for a travel job in Tacoma, Washington. Job Description & Requirements Specialty: CT Technologist Discipline: Allied Health Professional Start Date: 02/12/2024 Duration: 13 weeks 40 hours per week Shift: 10 hours, days Employment Type: Travel Technologist, Computed Tomography City: Tacoma, WA ShiftType: Evenings Atlas Medstaff is currently seeking candidates in the Technologist (Computed Tomography) profession for a 13 week contract in the Tacoma, WA area. Atlas Medstaff is a premier staffing firm dedicated to matching outstanding talent with exceptional opportunities. Our commitment to excellence and our consultative approach has helped us become a premier leader in the staffing industry. Atlas MedStaff offers a rich benefits package that includes: Comprehensive Health, Dental and Vision insurance. 401k with matching after 6 months. Telehealth services for ease of use when an office visit isn’t feasible. Voluntary Term Life and Dependent Life coverage. Voluntary Term Life and Dependent Life coverage as well as In Hospital Cash Plans by Ternian. All of this and more available through a unique online portal that gives you the flexibility on the road to make changes as you see fit. Atlas MedStaff Job ID #1106413. Pay package is based on 10 hour shifts and 40 hours per week (subject to confirmation) with tax-free stipend amount to be determined. Posted job title: CT Tech About Atlas MedStaff We think your recruiter and your travel healthcare agency should care about you. Our team has lots of crazy ideas like that. Like co-founders who are transparent, a tight-knit community for our travelers, creating content that tells *your* story, and helping you find adventure. Every Atlas traveler gets an Atlas Adventure™, an adventure that is uniquely *you*. Skiing, mountain climbing, skydiving, or even just a weekend at a spa or tickets to a concert you can’t wait for. We have been ranked #1 by BluePipes as the best travel healthcare agency. And received the distinction of being the highest-rated travel healthcare staffing agency by Great Recruiters. Both of those recognitions are fueled by real reviews by real travel nurses and allied healthcare professionals that work with our team. Atlas has been recognized as one of the fastest-growing companies in the country by INC; the fastest-growing staffing company in the country, and the fastest-growing healthcare staffing company in the country by Staffing Industry Analysts; and we recently received the AMN Perfect Partner Award. Many of these recognitions we have won multiple times. Awards are great, but it's our travelers — our people — that we are most proud of. And every Atlas traveler is part of our team. You may not be in the office (heck, we’re not either since a lot of our team has been working remote since the pandemic), but you are part of the Atlas Community. If you don’t have this kind of relationship with your current recruiter and travel nurse agency, maybe it’s time you try one that’s a little bit different. We’re here for you. What will your Atlas Adventure™ be? Benefits Medical benefits 401k retirement plan Vision benefits Dental benefits Show more Show less"
linkedin:3805009895,archive,2024-01-14,https://uk.linkedin.com/jobs/view/property-manager-at-knight-dragon-ltd-3805009895,https://uk.linkedin.com/jobs/view/property-manager-at-knight-dragon-ltd-3805009895,2024-01-21 06:01:13.56896+00,1,1,0,Property Manager,Knight Dragon Ltd,"Royal Borough of Greenwich, England, United Kingdom",2024-01-14,Basildon,United Kingdom,River,Mid senior,Onsite,"English (language), CV (document), Europe (location), River Thames (location), Greenwich Peninsula (location)","We have an exciting opportunity to join the Greenwich Peninsula Property Management Team. If you’re interested in hearing more and believe you have relevant experience, please email through your CV to Jobs Greenwich Peninsula jobs@greenwichpeninsula.co.uk and we will be in touch. Europe’s largest single regeneration, Greenwich Peninsula is big, eclectic and original. At Greenwich Peninsula, we bring together culture, creativity, community and modern architecture all wrapped by the River Thames. With more than 17,000 new homes planned across 7 districts, the scale of the Peninsula is matched only by the ambition of the people behind it. The people here at Greenwich Peninsula aren’t constrained by convention, we’re comfortable with the discomfort of ambiguity and we set our own standards high, solving problems that others might say can’t be done. Show more Show less"
linkedin:3796707365,archive,2024-01-14,https://uk.linkedin.com/jobs/view/senior-hand-therapist-at-hays-3796707365,https://uk.linkedin.com/jobs/view/senior-hand-therapist-at-hays-3796707365,2024-01-21 06:01:13.728151+00,1,1,0,Senior Hand Therapist,Hays,"Milton Keynes, England, United Kingdom",2024-01-14,Northampton,United Kingdom,Occupational Therapist,Mid senior,Onsite,"Chartered Physiotherapist, State Registered Occupational Therapist, Hand therapy, Orthopaedics, Plastic, Rheumatology, Trauma, Manual therapies, Splinting, Hand and wrist assessment, Evidencebased treatment techniques, Master's degree, Master's level modules, British Association of Hand Therapists (BAHT) level II courses, IT GCSE, Functional skills level 2, Clinical expertise, Postgraduate hand therapy experience, Flexible shift pattern, Training and development opportunities, Employee Recognition Programmes, Employee Referral Scheme","Your New Company Our client is the largest independent provider of hospital services in the UK, with more than 50 hospitals and treatment centres across England, Scotland, and Wales. They offer the UK’s largest national network of private hospitals and are the country’s biggest private hospital provider. Our client has more than 6,500 specialists practising across their hospitals, which handle more than 2 million patient visits per year. They are known for performing more complex surgeries than any other private healthcare provider in the country. They are proud to be recognised as one of the UK’s top 5 best big companies to work for, as well as the top 5 to work for in the health and social care sector. Their areas of expertise include orthopaedics, cardiology, gynaecology, general surgery, ophthalmology, urology, dermatology, and ENT. Your new role Provide specialist assessments and treatment (hand therapy) for outpatients, inpatients, pre-admission and follow-up care as appropriate. Depending on training, this might include hand and wrist only, hand, wrist and elbow or the whole upper limb. For the purpose of this role description, hand and wrist will be used. Effectively manage an outpatient caseload, working within your scope of practice as an autonomous practitioner Make an active contribution to the marketing, promotion and development of the Hand Therapy service within the hospital, working closely with the marketing team, consultants and GPs referrers To ensure compliance with an appropriate regulatory and best practice framework This is a part-time role for 22.5 hours a week. The role holder will be required to cover a flexible shift pattern. The role will cover The Saxon Clinic and The Three Shires Hospital What You'll Need To Succeed Chartered Physiotherapist/State Registered Occupational Therapist with extensive postgraduate hand therapy experience with a proven track record of clinical expertise within this specialist area This experience must include Orthopaedics,-plastic, Rheumatology, Trauma, management of acquired conditions and skills in appropriate manual therapies, splinting hand and wrist assessment and evidence-based treatment techniques. Postgraduate level learning relating to hand therapy, e.g. Master's degree, Master's level modules, or British Association of Hand Therapists (BAHT) level II courses IT GCSE at grade A to C or equivalent functional skills level 2 evidence What You'll Get In Return Competitive salary Flexible shift pattern Industry leading training and development opportunities Employee Recognition Programmes High value Employee Referral Scheme What You Need To Do Now If you're interested in this role, click 'apply now' to forward an up-to-date copy of your CV, or call us now. If this job isn't quite right for you, but you are looking for a new position, please contact us for a confidential discussion about your career. #4507592 - Susmita Sharma Show more Show less"
linkedin:3719124321,archive,2024-01-14,https://ca.linkedin.com/jobs/view/bombardier-agent-de-s%C3%A9curit%C3%A9-at-securitas-canada-3719124321,https://ca.linkedin.com/jobs/view/bombardier-agent-de-s%C3%A9curit%C3%A9-at-securitas-canada-3719124321,2024-01-21 06:01:13.73724+00,1,1,0,BOMBARDIER - Agent de sécurité,Securitas Canada,"Montreal, Quebec, Canada",2024-01-14,Côte-Saint-Luc,Canada,Safety Manager,Mid senior,Onsite,"Security Guard, Aviation Security, Access Control, Surveillance, Incident Reporting, Bilingualism (French and English), Valid Security Guard License (BSP), Valid First Aid Certificate (CPR), High School Diploma (DES), Customer Service, Team Work, Proactive, Professional, Computer Skills, Security Clearance (CZIR and DA/R), Safe and Emergency Procedures","Agent de sûreté chez Bombardier|Montreal Permanent de 4 Jours - Quart de 12 H - $23.09/H SECURITAS recrute actuellement des agents de sûreté cherchant à travailler dans le milieu aéronautique, l'un des contrats les plus prestigieux au Québec. Sous la supervision d'un chef d'équipe, l'agent de sûreté devra assurer la sécurité des lieux. Vous cherchez un nouveau défi vous avez de l'ambition, vous êtes donc le candidat idéal. Poste permanent à temps plein de jour et de nuit sur rotation. 4 jours de travail collé et 4 jours de repos. Possibilité de faire du temps supplémentaire. 4 quarts de jour consécutifs de 12 heures chacun (6am - 6pm) 4 quarts de nuit consécutifs de 12 heures chacun (6pm - 6am) Exigences du poste: Permis d'agent de sécurité valide (BSP) Certificat de secourisme valide (RCR) Diplôme d'études secondaires (DES) Aptitudes pour le service à la clientèle Bilinguisme Français et anglais (Obligatoire) Permis de conduire valide ainsi qu'un bon dossier Être admissible à l'obtention de la carte rouge CZIR de Transport Canada et du permis DA/R pour circuler sur un Tarmac Proactif, esprit d'équipe et professionnel Principales tâches à accomplir: Maintien de l'ordre, rapporter les anomalies ou les incidents survenus sur les lieux Effectuer des rondes périodiques des bâtiments et des patrouilles de stationnements/tarmac Surveiller les systèmes de caméras Faire du contrôle d'accès Assurer la protection de la preuve et/ou des lieux lors d'un incident Intervenir dans toutes situations présentant un enjeu en matière de santé, sécurité et environnement (par exemples: Urgences médicales, déversement d'un produit chimique, panne électrique, incendie etc....) Utiliser les systèmes de communication en place et être habile à l'informatique Rédiger des rapports d'incident, journaliers, formulaires quotidiens Effectuer toutes autres tâches connexes attitrées par un supérieur Securitas Canada souscrit au principe de l'équité en matière d'emploi. Nous encourageons les personnes faisant partie des quatre groupes désignés - femmes, communautés autochtones, minorités visibles et personnes handicapées à poser leur candidature. Devra être en mesure de satisfaire et de continuer à satisfaire à toutes les exigences de licence applicables aux agents de sécurité. About Us Les employés de Securitas proviennent de tous les horizons, apportant avec eux des aptitudes et des perspectives distinctes. Unis par notre objectif commun, nous offrons la sécurité nécessaire pour protéger les biens et le personnel de nos clients. Nos valeurs fondamentales - Intégrité, Vigilance et Esprit de service - sont représentées par les trois points rouges du logo Securitas. Si vous vivez selon ces valeurs, l'équipe Securitas a besoin de vous. About The Team La mission de Securitas Canada: La mission de Securitas est de protéger les résidences, les lieux de travail et les communautés en fournissant les services de sécurité dont elles ont besoin pour protéger leurs biens, protéger leurs résidents et maintenir leur capacité de générer des profits. La mission de Securitas Aviation: Securitas Avation veille sur les voyageurs aériens provenant de partour dans le monde avec des contrôles de sécurité rigoureux dans les aéroports au Canada Nos valeurs: Les valeurs fondamentales de Securitas - Intégrité, Vigilance et Esprit de Service - sont la fondation sur laquelle nos employés peuvent établir la confiance avec les clients, les collègues et la communauté environnante. Intégrité: Les employés de Securitas sont honnêtes et dignes de confiance des clients pour protéger leurs locaux et leurs objets de valeur. Nous ne transigerons pas sur l'intégrité et créons un forum ouvert pour nos employés et nos clients afin d'exprimer des opinions, de signaler les irrégularités et de partager des informations. Vigilance: Voir, entendre et évaluer. Un employé de Securitas est toujours attentif et remarque souvent des choses que les autres ne remarquent pas. Leur vigilance est nécessaire pour être conscient des risques potentiels ou des incidents qui peuvent avoir lieu dans les locaux de nos clients. Esprit de Service: Dans le cadre d'un effort continu visant à assurer la sécurité, les employés de Securitas sont toujours prêts à aider en cas d'incident qui nécessite une intervention, qu'elle soit directement liée ou non à leur emploi. Show more Show less"
linkedin:3803187020,archive,2024-01-14,https://www.linkedin.com/jobs/view/kitchen-prep-at-bob-evans-restaurants-llc-3803187020,https://www.linkedin.com/jobs/view/kitchen-prep-at-bob-evans-restaurants-llc-3803187020,2024-01-21 06:01:14.503312+00,1,1,0,Kitchen Prep,"Bob Evans Restaurants, LLC","Westminster, MD",2024-01-14,Emmitsburg,United States,Chef,Associate,Onsite,"Food handling, Sanitation, Kitchen safety, Plating, Menu knowledge, Ticketing, Teamwork, Multitasking, Attention to detail, Physical stamina, Food tasting, Food smelling, Fine motor skills","Pay Range $14 - $18 per hour (depending on geographic location and local market demand) Early Close / No Late Nights Work / Life Balance Career Growth Excellent Benefits including 401(k) with Employer Match Our Purpose We pride ourselves on serving high quality farm fresh food at Bob Evans! We are AMERICA'S FARM FRESH! We work hard, pay attention to details (perfect plates, perfect bags), and provide our guests with the best, all-around family dining experience. We have immense pride in our culture and roots to our communities. Working at Bob Evans is about being part of something big – we have a passion for taking care of each other and our guests while serving farm-fresh food at a great value. Our Founder, Bob Evans, was all about growing good...join us at Bob Evans and be an integral part of .... Where Good Grows. Kitchen Preparation Responsibilities Follows recipe and storyboards to prepare foods according to proper preparation methods Ensures proper food handling and sanitation procedures are followed Maintains a clean and sanitary workstation area including tables, shelves, walls, oven, and refrigeration equipment Maintains high standards of personal grooming. Washes hands frequently and before each new task. Wears gloves to prevent bare hand contact. Promptly changes apron if it becomes soiled Understands and complies consistently with our standard portion sizes, quality standards and kitchen rules, policies, and procedures Responsible for unpacking and organizing received goods in a timely manner Prepares menu items using plating recipes when ordered Promptly reports equipment and food quality problems to management Utilizes tools including the prep list, hot box chart in conjunction with the manager to ensure timely delivery of products needed for service Follows all safety procedures when using equipment May be asked to assist in other job categories as well All other duties as assigned Bob Evans Restaurants, LLC is EEO compliant and participates in E-Verify. Why Choose Us Competitive Compensation Health and Welfare Benefits 401(k) with Company Match Flexible Scheduling Opportunity for development and career growth Work Location: One Location Knowledge Strong knowledge of commonly used concepts, practices, and procedures in a restaurant Relies on experience and good judgment to plan and accomplish goals Detail oriented with the ability to multi-task Must maintain a high degree of pace and intensity for an extended period, have strong menu knowledge, and have ability to accurately read, organize, and coordinate tickets To perform this job successfully, an individual must be able to perform each essential duty satisfactorily while possessing dependability and exceptional teamwork skills Education/Experience 0-2 years related experience Physical Requirements The requirements listed are representative of the knowledge, skill, and/or ability required. Reasonable accommodations may be made to enable individuals with disabilities to perform the essential functions The physical demands described here are representative of those that must be regularly met by an employee to successfully perform the essential functions of this job. This list is not designed to contain a comprehensive listing of activities and the employer reserves the right to change or assign other duties to this position. Reasonable accommodations may be made to enable individuals with disabilities to perform the essential functions of the job While performing the duties of this job you will regularly be required to: Stand for entire shift and walk for long periods of time without rest or sitting down Push, lift, carry and transfer up to 50 pounds Reach with hands Use hands to finger, handle, or feel objects, tools, or controls Bend and stoop Can taste and smell Verbally communicate with others Use close vision, distance vision, color vision, peripheral vision, depth perception, and the ability to adjust focus Have ability to freely access all areas of restaurant including selling floor(s), stock area, and register area We continue to update our safety and sanitation procedures to follow the current CDC, local, and state guidelines. Our goal is to provide a safe environment for both our employees and guests. Show more Show less"
linkedin:3615282471,archive,2024-01-14,https://www.linkedin.com/jobs/view/rn-part-time-pediatric-icu-at-atrium-health-wake-forest-baptist-3615282471,https://www.linkedin.com/jobs/view/rn-part-time-pediatric-icu-at-atrium-health-wake-forest-baptist-3615282471,2024-01-21 06:01:14.682336+00,1,1,0,"RN, Part-Time, Pediatric ICU",Atrium Health Wake Forest Baptist,"Winston-Salem, NC",2024-01-14,High Point,United States,Nurse School,Mid senior,Onsite,"Nursing, Patient care, Assessment, Planning, Implementation, Evaluation, Leadership, Clinical excellence, Teamwork, Communication, Collaboration, Critical thinking, Problemsolving, Decisionmaking, Time management, Stress management, Conflict resolution, Cultural sensitivity, CPR, ACLS, PALS, HIPAA, OSHA, Documentation, Medical terminology, EMR/EHR, Vital signs, IV therapy, Blood transfusions, Oxygen therapy, Wound care, Pain management, Medication administration, Nutrition, Hygiene, Safety, Infection control","Job Description Brenner Children's Hospital - Atrium Health Wake Forest Baptist Registered Nurse - Part-Time - Pediatric ICU - Night Shift JOB SUMMARY: Provides nursing care to patients using the nursing process (assessment, planning, implementation, and evaluation). Directs and leads other assigned team members and collaborates with multidisciplinary team members to provide age/developmentally appropriate care in accordance with nursing standards of care and practice. EDUCATION/EXPERIENCE: Graduation from an accredited School of Nursing. BSN preferred. LICENSURE, CERTIFICATION, and/or REGISTRATION: Registered Nurse licensure from the State of North Carolina Basic Cardiac Life Support (BCLS) required Advanced Cardiac Life Support (ACLS) required within 1 year of hire for Adult Critical Care, Adult ED Pediatric Advanced Life Support (PALS) required within 1 year of hire for Network ED, Peds ED, PICU and NICU, and other areas per unit guidelines. ESSENTIAL FUNCTIONS: 1. Utilizes the nursing process to provide patient/family centered care focusing on the physical, emotional, spiritual, cultural, religious, and environmental needs. This includes providing for the assessment, development of nursing diagnoses, outcome identification, planning, implementation of interventions, coordination of care, health teaching and promotion and evaluation of goals and interventions consistent with the policies of WFBH. 2. Maintains a safe, therapeutic, and healing environment through ensuring patient privacy and responsive, respectful, accepting, and professional behavior. Utilizes and promotes the use of technology and equipment to enhance the safety of patients and staff. 3. Communicates effectively to promote sharing of information throughout the continuum of care and as an effective member of the healthcare team. 4. Demonstrates the ability to function in a professional setting through active participation in a professional practice model. This includes participating in shared governance, adherence to standards of care, participation in peer review and professional development promoting leadership and clinical excellence, effective team skills, autonomous practice and acknowledgment of accountability for actions and critical thinking. 5. Acts as a patient advocate throughout the continuum of care including all patient settings and in the community. 6. Coordinates the effective and efficient delivery of patient care services through the application of care management principles. Identifies clinical priorities and initiates action to improve patient outcomes. 7. Demonstrates ability to function in a professional practice model through active participation in shared governance, promotion of a healthy work environment and acceptance of personal responsibility for professional growth. SKILLS/QUALIFICATIONS: Ability to provide direct and indirect patient care Strong oral and written communication skills Ability to work collaboratively. WORK ENVIRONMENT: Subject to highly stressful and crowded conditions Moderate noise environment Handles emergency or crisis situations Subject to many interruptions Handles absentee replacement on short notice Required to wear protective, personal equipment (PPE). About Us Atrium Health Wake Forest Baptist is a pre-eminent academic health system based in Winston-Salem, North Carolina. Atrium Health Wake Forest Baptist is part of Advocate Health, which is headquartered in Charlotte, North Carolina, and is the fifth-largest nonprofit health system in the United States, created from the combination of Atrium Health and Advocate Aurora Health. Atrium Health Wake Forest Baptist’s two main components are an integrated clinical system – anchored by Atrium Health Wake Forest Baptist Medical Center, an 885-bed tertiary-care hospital in Winston-Salem – that includes Brenner Children’s Hospital, five community hospitals, more than 300 primary and specialty care locations and more than 2,700 physicians; and Wake Forest School of Medicine, the academic core of Atrium Health Enterprise and a recognized leader in experiential medical education and groundbreaking research that includes Wake Forest Innovations, a commercialization enterprise focused on advancing health care through new medical technologies and biomedical discovery. Wake Forest Baptist Health, Wake Forest University School of Medicine and Atrium Health have joined forces in a strategic combination that will enhance care, transform medical education and create economic opportunity for countless lives in North Carolina and beyond. As a part of that combination, the two health systems will be integrating technology and platforms, including our career sites. This means that although you are applying on the Wake Forest Baptist Health Career Site, you receive communications from the Atrium Health Recruitment Team. Please know that this is an expected process, and thanks in advance for your flexibility. Organization Mission, Vision and Culture Commitments Mission To improve health, elevate hope and advance healing – for all. Vision To be the first and best choice for care. Culture Commitments We create a space where all Belong We Work as One to make great things happen We earn Trust in all we do We Innovate to better the now and create the future We drive for Excellence – always Show more Show less"
linkedin:3742784971,archive,2024-01-14,https://www.linkedin.com/jobs/view/cheese-specialist-at-safeway-3742784971,https://www.linkedin.com/jobs/view/cheese-specialist-at-safeway-3742784971,2024-01-21 06:01:14.692423+00,1,1,0,Cheese Specialist,Safeway,"Mount Airy, MD",2024-01-14,Frederick,United States,Special Effects Specialist,Mid senior,Onsite,"Retail, Grocery, Customer service, Merchandising, Food, Sales, Communication, Public interaction, Teamwork, Learning, Ownership, Competition, Inclusivity, Compassion, Attention to detail, Time management","CHEESE SPECIALIST Why you will choose us: Albertson’s Companies Inc. has always been a people-oriented business, and thoughtful people practices remain a core element of our company’s philosophy. As friendly, enthusiastic people who enjoy offering customers an exceptional shopping experience, we provide world-class customer service each and every day. We also provide a variety of benefits including: Competitive Wages Flexible work schedules Associate discounts Leaders invested in your training, career growth & development Health and welfare benefits for eligible employees (Medical, Dental, 401k and more!) Vacation / Paid Time Off What you bring to the table: You have 1 or more years of working with cheese in a retail or grocery store You take pride in the work you do, whether big or small Helping customers and fellow associates gives you energy You agree that food is central to all our lives Smiling and making others smile is your favorite You are eager & willing to learn Being a part of your community matters A Day in the Life: As a Cheese Specialist, you are friendly and ambitious with a love for cheese, wine, and food. To truly be successful in the position, you need to be thoughtful and passionate about your work with a natural ability to sell. As a Cheese Specialist you are the face of the Company and have a knack for working with the public. When you’re not assisting customers, you are constructing creative merchandising displays including sales cases and floor displays to sell and educate customers on latest trends. The possibilities are endless, and this is your opportunity to explore the world of cheese! Our Cultural Principals Teamwork: “We always support and recognize each other” Learning: “We always strive to grow and develop ourselves and others” Ownership: “We always take actions to drive our success Competition: “We always act with integrity to win over the customer” Inclusivity: “We always value everyone’s perspective” Compassion: “We always treat each other and our customers with kindness and respect” About Us: Albertsons Companies is at the forefront of the revolution in retail. We have a new vision: forging a retail winner that is admired for national strength with deep local roots, that offers an easy, fun, friendly, and inspiring experience, no matter how a customer chooses to shop with us. We want talented individuals to be a part of this journey! The organization includes 2,230 stores, 23 distribution facilities, and 20 manufacturing plants with over 300,000 employees across 34 states and the District of Columbia. The company is publicly owned with supermarkets across the country that includes Albertsons, Safeway, Vons, Jewel-Osco, ACME, Shaw’s, Tom Thumb, United Supermarkets, United Express, Randalls, Albertson’s Market, Pavilions, Star Markets, Market Street, Carrs, Haggen, Lucky, Amigos, Andronico’s Community Markets, King’s, Balducci’s, and Albertson’s Market Street. DISCLAIMER The above statements are intended to describe the general nature of work performed by the employees assigned to this job and are not the official job description for the position. All employees must comply with Company, Division, and Store policies and applicable laws. The responsibilities, duties, and skills of personnel may vary within store and/or from store to store and the official job description will be provided during the application process. ALBERTSONS SAFEWAY IS AN EQUAL OPPORTUNITY EMPLOYER We endeavor to make this site accessible to any and all users. If you would like to contact us regarding the accessibility of our website or need assistance completing the application process, please contact us at 1-888-255-2269. Show more Show less"
linkedin:3781018201,archive,2024-01-16,https://www.linkedin.com/jobs/view/rn-at-bon-secours-mercy-health-3781018201,https://www.linkedin.com/jobs/view/rn-at-bon-secours-mercy-health-3781018201,2024-01-21 06:01:14.789346+00,1,1,0,RN,Bon Secours Mercy Health,"Oregon, OH",2024-01-16,Toledo,United States,Research Associate,Mid senior,Onsite,"Nursing, Patient care, Assessment, Care planning, Implementation, Evaluation, Medication administration, Patient teaching, Coordination of care, Patient advocacy, Interdisciplinary collaboration, Leadership, Office and clinical technologies, Quality improvement, Evidencebased practices, Research, Accountability, Resource management, Conflict management, Resilience, Delegation, BLS Basic Life Support, Valid nursing license, Associate of Nursing, Diploma in Nursing, Bachelors of Science in Nursing","At Bon Secours Mercy Health, we are dedicated to continually improving health care quality, safety and cost effectiveness. Our hospitals, care sites and clinicians are recognized for clinical and operational excellence. Summary Of Primary Function Delivers patient care utilizing the nursing process through data collection and assessment, identifies and determines the priority of patient’s problems/needs, and evaluates the process and outcome of nursing care; coordinates, provides and directs patient teaching activities and coordinates the care provided by health team members. Essential Job Functions In collaboration with the interdisciplinary care team, conducts initial and ongoing patient assessment, analyzes assessment data, creates a plan of care, implements treatment and evaluates treatment effectiveness; administers medications in a safe manner consistent with the State of Practice and organization policies and procedures; serves as point of contact for patients' care coordination throughout hospital departments. Acts as a patient safety advocate by participating in ongoing quality improvement in the department. Incorporates the professional practice model into care delivery Skills Knowledge of contemporary nursing practice and future innovations Nursing judgment and skill based on principles of the biological, physical, behavioral, and social sciences Application of the nursing process in patient care delivery Coordination of patient care delivery Evaluation of professional nursing practice to optimize goals and outcomes Health teaching and health promotion Patient advocacy and partnership Interprofessional collaboration and leadership Understanding and utilization of office and clinical technologies Compassionate, relationship-based approach to help find meaning in illness, suffering, pain, and existence Integration of quality improvement, evidence based practices and research in practice Accountability for professional actions Effective stewardship of available resources Conflict management and resilience Authority for delegating activities to others, while remaining responsible and accountable for outcomes Certifications BLS Basic Life Support - American Heart Association (preferred) Valid nursing license from the state of practice (required) Education Associate of Nursing, nursing (required) OR Diploma in Nursing (required) Bachelors of Science, nursing (preferred) Many of our opportunities reward* your hard work with: Comprehensive, affordable medical, dental and vision plans Prescription drug coverage Flexible spending accounts Life insurance w/AD&D Employer contributions to retirement savings plan when eligible Paid time off Educational Assistance And much more Benefits offerings vary according to employment status All applicants will receive consideration for employment without regard to race, color, national origin, religion, sex, sexual orientation, gender identity, age, genetic information, or protected veteran status, and will not be discriminated against on the basis of disability. If you'd like to view a copy of the affirmative action plan or policy statement for Mercy Health – Youngstown, Ohio or Bon Secours – Franklin, Virginia; Petersburg, Virginia; and Emporia, Virginia, which are Affirmative Action and Equal Opportunity Employers, please email recruitment@mercy.com. If you are an individual with a disability and would like to request a reasonable accommodation as part of the employment selection process, please contact The Talent Acquisition Team at recruitment@mercy.com Show more Show less"
linkedin:3621760148,archive,2024-01-14,https://www.linkedin.com/jobs/view/paes-schools-counselor-sy-23-24-at-aztec-municipal-school-district-3621760148,https://www.linkedin.com/jobs/view/paes-schools-counselor-sy-23-24-at-aztec-municipal-school-district-3621760148,2024-01-21 06:01:14.854291+00,1,1,0,PAES Schools Counselor SY 23-24,Aztec Municipal School District,"Aztec, NM",2024-01-14,New Mexico,United States,Counselor,Mid senior,Onsite,"Elementary Guidance Counselor, Counseling, ASCA model, Educational testing, Measurement, Psychology of learning, Data Driven Instructional Practices, Professional Learning Communities, Communication, Language skills, Computers, Technology, Personal feelings, Interpersonal skills, Analytical skills, Reasoning ability, Problem solving, Decision making, Stress management, Physical attributes, Strength, Dexterity, Vision, Noise tolerance, Public interaction, Driver's license, Counseling License, Physical capacity","AZTEC MUNICIPAL SCHOOL DISTRICT Job Description Elementary Guidance Counselor Job Summary Remains readily available to students to provide counseling that will lead each student to increased personal growth, self-understanding and maturity. Reports To: Building Principal Qualifications Must have a valid Guidance Counselor certificate. A Master’s degree, or equivalent, representing intensive course work in the principles and practice of educational guidance, the ASCA model, educational testing and measurement, counseling, the organization and administration of guidance services, and the psychology of learning. Must have a New Mexico Public Education Counseling License Must complete a finger-print background check Essential Duties And Responsibilities In conjunction with the principal, interprets the school’s objectives to students, parents and community. Works with teachers/staff to familiarize them with services offered by the guidance department. Assists students in interpreting test scores and other pertinent data. Assists as required in maintaining attendance records, cumulative progress records and activity records. Works to relieve student’s educational and personal handicaps. Works to discover and develop special abilities of students. Provides individual and group counseling as needed. Assists with registration, orientation process, class scheduling Assists parents and community in understanding educational programs and opportunities. Adheres to Board and administrative directives. Desired Qualifications Knowledge of Data Driven Instructional Practices and Professional Learning Communities Supervisory Responsibilities This position supervises the following positions: None Confidentiality Due to the sensitive nature of this position the highest degree of confidentiality is required. Qualification Requirements To perform this job successfully, an individual must be able to perform each essential duty satisfactorily. The requirements listed below are representative of the knowledge, skill, and/or ability required. Reasonable accommodations may be made to eligible individuals with disabilities to perform the essential functions. Education And/or Experience Please see Qualifications Communication And Language Skills Ability to read and analyze and interpret technical procedures and governmental regulations. Ability to assist with preparation of reports and correspondence. Ability to effectively present information and respond to questions from staff, peers and community. Other Skills And Abilities Ability to establish and maintain effective working relationships with staff, peers and community, Ability to communicate clearly and concisely. Ability to use computers and other technology to accomplish job responsibilities. Ability to perform tasks quickly and efficiently and follow verbal directions. Ability to work around congested areas. Ability to work a flexible work schedule around job responsibilities. Analytical and Reasoning Ability Ability to define problems, collect data, establish facts and draw valid conclusions. Ability to interpret a variety of technical instructions in written, verbal or diagram form, and deal with abstract variables. Temperaments Ability to teach others, work with people and influence people in their opinions, attitudes, and judgments. Ability to perform a variety of duties. Ability to work with people who express conflicting opinions. Ability to solve problems, make sound judgments and reach conclusions. Ability to express personal feelings professionally, and perform effectively under stress. Physical Attributes The physical demands described here are representative of those that must be met by an employee to successfully perform the essential functions of this job. Reasonable accommodations may be made to enable individuals with disabilities to perform the essential functions. While performing the duties of this job the employee is frequently required to stand, walk, talk or hear and use hands to finger, handle, type or feel. The employee may occasionally sit, climb or balance, stoop, kneel, crouch, or crawl and reach with hands and arms. Specific vision abilities required by this job include close vision and distance vision. Work Environment The work environment characteristics described here are representative of those an employee encounters while performing the essential functions of this job. Reasonable accommodations may be made to enable individuals with disabilities to perform essential functions. The noise level in the work environment is usually moderate. The employee must possess and maintain a current driver’s license. The employee is frequently required to interact with the public and other staff. Certificates Licenses Must possess a New Mexico Counselor’s License Must possess a New Mexico Public Education Counselor’s License Terms of Employment Appropriate placement on the AMSD Salary Schedule and the Aztec School District Calendar. Evaluation Performance of duties will be evaluated at least annually in accordance with Aztec School Board Policy. Physical Rating Level This position will require the employee to function at a “Medium” physical capacity as defined by Worker’s Compensation Statutes. “Medium” physical capacity indicates the ability to lift up to 50 pounds occasionally or up to 25 pounds frequently. For Physical Requirement Details, contact Aztec Municipal Schools. Physical Requirement Details Work Actions Finger Dexterity C Sitting F Standing F Walking F Repetitive Motions Hand Right: F Left: F Both: F Foot Right: F Left: F Both: F Grasping: Hand Right: F Left: F Both: F Fine Manipulation: Hand Right: F Left: F Both: F Use of Head and Neck Static F Flexing F Rotating F Work Positions Bending F Squatting F Crawling R Climbing F Reaching F Vision C Activities Unprotected Heights R Driving Automotive Equipment R Around Machinery R Temperature Extremes R Noise and Vibration R Hazards R Dust, Fumes, Odors, Chemicals R Balance and Coordination R Definitions: R = Rarely = 1% to 9% of a 7.5 hour work day O = Occasionally = 10% to 33% of a 7.5 hour work day F = Frequently = 34% to 66% of a 7.5 hour work day C = Continuously = 67% to 100% of a 7.5 hour work day The above statements are intended to describe the general nature and level of work expected. They are not intended to be an exhaustive list of all responsibilities, duties and skills required of employees in this job classification. Show more Show less"
linkedin:3785216562,archive,2024-01-14,https://www.linkedin.com/jobs/view/sales-lead-slpt-lane-bryant-at-lane-bryant-3785216562,https://www.linkedin.com/jobs/view/sales-lead-slpt-lane-bryant-at-lane-bryant-3785216562,2024-01-21 06:01:15.033211+00,1,1,0,Sales Lead (SLPT) - Lane Bryant,Lane Bryant,"College Station, TX",2024-01-14,College Park,United States,Change Person,Mid senior,Onsite,"Sales Leadership, Visual Merchandising, Customer Service, Communication skills, Technology proficiency, Strong business acumen, Time management, Retail experience, Prior management experience, Ability to read write and communicate in English, High school diploma, Ability to work a flexible schedule, Ability to operate computerized register system, Ability to move objects weighing up to 25 pounds, Ability to retrieve merchandise displayed above shoulder level, Ability to interact with coworkers clients and members of the public","Brand Overview: There are brands you work for, and there are those that you want to be a part of. At Lane Bryant, we strive to be the latter— to be more than a specialty fashion brand. Our personalized service, empathetic experiences, and Lane Bryant community keep us connected to our customer (and each other) in unique ways, making us the longest-standing and most-loved brand in the plus-size market. We are truly customer-obsessed— responding to her needs, creating confidence, and inspiring a lifetime of possibilities with a combination of modern, upbeat fashion, flattering fit, innovative design solutions and uncompromised comfort for every corner of her life. We offer sizes 10-40 across our apparel, accessories, Cacique intimates and LIVI activewear. If you love fashion and want to be a part of a healthy, thriving, and inclusive brand, Lane Bryant is your place. Create your Lane with us at our Columbus, Ohio brand headquarters or at any of our stores nationwide. For more information, visit www.lanebryant.com. Ready to apply? We currently have an opportunity for a Sales Lead (SLPT) - Lane Bryant to join our team located at our Store 4542-Gateway Station-LaneBryant-College Station, TX 77840. Position Overview: Part Time Key Holder/Part Time Sales Leader Overview Embraces our diverse, inclusive culture leading all activities related to providing exceptional associate and client engagement. Leads activities required to achieve all store goals including financial objectives, client service, talent management, operational controls, asset protection and safety, and merchandise presentation. Operates as the Manager on Duty in the absence of another Manager. Lives Company Leadership Principles: We Value Our People Leads with a high degree of integrity and demonstrates care for all associates Assists with developing internal bench strength Supports the onboarding experience to position associates for excellence in role and career progression Partners with SM on self-development goals Encourages continuous growth; celebrates positive performance and service behaviors Shares information and communicates clearly; fosters dialogue around solutions and continuous learning Ensures compliance with company policies and procedures and applicable laws at all times We Love Our Customer Represents Lane Bryant by adhering to “Dress Your Best” guidelines; articulates current trends in every client interaction Supports a culture that inspires and empowers team to consistently exceed client expectations Ensures business is driven by each segment with the Roles Leader program Leads and directs execution of tasks; drives a high level of productivity Holds self and associates accountable for consistently demonstrating Lane Selling; models behaviors Resolves customer concerns quickly and effectively and empowers team to do the same We Win As A Team Fosters a culture that embraces diversity in thought, background, and experience Demonstrates transparency; influences in a courageous and respectful way to drive strategy and results Ensures all communications are shared with appropriate audience Supports a culture that values how work is done as much as the outcome Reports to work as scheduled; records time worked accurately by using time and attendance system; remains flexible to the needs of the business All other duties as assigned by Store, District, or Regional Leaders We Take Action and Own Our Results Drives operational excellence; leads by example and sets the standard for a high performing culture Using Brand Guide, supports visual updates and maintains visual merchandising standards Partners with Store Manager to recognize opportunity; adjusts strategy to align with business demands Prioritizes and controls workload through successful planning and delegation Manages controllable expenses Complies with Asset Protection policies and practices; promotes health and safety within store We Innovate and Learn Fast Pushes for innovative solutions that bring originality to the organization Embraces change; leads teams with a sense of urgency and agility Promotes a test and learn culture Initiates continuous product movement based on Brand directives, client profile, and store sales Contributes to an environment that promotes taking risk and out-of-the-box thinking Qualifications Strong communication and customer service skills 6 Months Specialty Retail Experience, Preferred Prior management experience preferred Technology proficient and strong business acumen Works a flexible schedule to meet the needs of the business, including evening, weekend and holiday shifts Must be able to read, write and communicate in English; other languages desirable High school diploma (or equivalent) required Position requires associates to: Constantly move throughout the store to assist customers, retrieve merchandise, complete floor sets, unpack and replenish stock and complete other tasks; frequently involves prolonged pushing, pulling, bending, squatting, and reaching and may involve tight or confined spaces Frequently operate computerized register system Respond in person to occasional, unscheduled store banking requirements and store alarms Adjust or move objects (garment racks, mannequins, etc.) or merchandise weighing up to 25 pounds in all directions on a frequent basis; may need to adjust or move objects or merchandise weighing as much as 50 pounds in all directions on occasion and with assistance as available Retrieve merchandise displayed or stored above shoulder level on a frequent basis, which may include climbing an 8-foot ladder; may need to replace overhead lightbulbs, signs, etc. on an occasional basis using an 8-foot ladder Constantly interact with and assist coworkers and clients and other members of the public Location: Store 4542-Gateway Station-LaneBryant-College Station, TX 77840 Position Type: Regular/Part time Equal Employment Opportunity The Company is committed to hiring and developing the most qualified people at all levels. It is our policy in all employment decisions to ensure that all associates and potential associates are evaluated on the basis of qualifications and ability without regard to sex (including pregnancy), race, color, national origin, religion, age, disability that can reasonably be accommodated without undue hardship, genetic information, military status, sexual orientation, gender identity, or any other protected classification under applicable law. We do not discriminate in any of our employment policies and practices. All associates are expected to follow these principles in all relationships with other associates, applicants, or others with whom we do business. The Company welcomes applications from people with disabilities. Accommodations are available on request for candidates taking part in all aspects of the application process. Note to Applicants: Smoking is prohibited in all indoor areas of the Company unless designated smoking areas have been established by a particular location in accordance with applicable law. Show more Show less"
linkedin:3745485556,archive,2024-01-14,https://www.linkedin.com/jobs/view/retail-district-manager-unassigned-at-dollar-general-3745485556,https://www.linkedin.com/jobs/view/retail-district-manager-unassigned-at-dollar-general-3745485556,2024-01-21 07:12:35.189652+00,1,1,0,RETAIL DISTRICT MANAGER UNASSIGNED,Dollar General,"Newport, NH",2024-01-14,New Hampshire,United States,Pressure Supervisor,Mid senior,Onsite,"Retail Management, Profit and Loss Management, Financial Analysis, Budgeting, Inventory Management, Merchandising, Customer Service, Team Leadership, Recruitment and Selection, Loss Prevention, Expense Control, Communication, Collaboration, ProblemSolving, Adaptability, Drive for Results, Efficiency, Analytical Skills, Time Management, Organization, Leadership, Teamwork, Customer Focus, Communication Skills, Adaptability","Dollar General Corporation has been delivering value to shoppers for more than 80 years. Dollar General helps shoppers Save time. Save money. Every day.® by offering products that are frequently used and replenished, such as food, snacks, health and beauty aids, cleaning supplies, basic apparel, housewares and seasonal items at everyday low prices in convenient neighborhood locations. Dollar General operates more than 18,000 stores in 47 states, and we’re still growing. Learn more about Dollar General at www.dollargeneral.com. GENERAL SUMMARY Plan and lead the activities of all stores within the assigned area of operation, including full profit and loss responsibility, while acting within the scope of company objectives and policies to accomplish divisional and regional goals. DUTIES and ESSENTIAL JOB FUNCTIONS Lead store teams by ensuring A culture that fosters Dollar General’s mission and values. Fair administration of human resources policies & practices. Superior customer service through fun, friendly stores. Area annual sales growth that meets or exceeds company targets through quality orders and efficient flow processes. All tools are effectively utilized in each store and market resulting in superior inventory presentation and management. Effective planning & execution of company objectives. Maximization of performance & productivity through a commitment to sensible store scheduling. Total development of human capital through proactive recruitment, selection and education of employees and customers. Protection of company assets through loss prevention and expense efficiencies. Identify and develop new business opportunities within operational area (i.e., distribution flow improvements, merchandising display efforts, store growth and real estate site selection, recruiting strategy, training and development priorities, employee Relations, customer service, systems implementation, etc.). Consistent and effective communication of divisional and regional priorities to store teams. KNOWLEDGE and SKILLS Demonstrated results-oriented leadership including the ability to model total development and serve as a steward of Dollar General’s mission and values. Demonstrated record of achieving performance goals and objectives. Financial analysis skills sufficient to interpret operating statements and other financial reporting data, manage budgets, and control inventory. Demonstrated ability to produce desired results by leveraging resources, maintaining tough expense control, managing merchandise effectively, and defining and communicating clear expectations. Demonstrated ability to manage multiple tasks in a fast-paced environment while demonstrating flexibility and adaptability. Demonstrated strong interpersonal and leadership skills including a willingness to consistently provide superior customer service, the ability to react appropriately under pressure, and the ability to apply good judgment in ambiguous situations. Demonstrated ability to effectively work in collaboration with team to achieve objectives in a participative management style. WORK EXPERIENCE and/or EDUCATION Four+ years retail management experience with progressively more responsibility, managing multi-unit operations in retail, grocery or convenience store operations with full P&L responsibility. Bachelor’s degree preferred. “Big-box” retail management and/or equivalent education and experience combination will be considered. COMPETENCIES Drives results by identifying opportunities to improve performance. Works efficiently by planning and organizing work to achieve goals and objectives. Focuses on customers by anticipating customer need, overcoming obstacles, and continually striving to improve customer satisfaction. Applies effective analytical skills by integrating complex information, while balancing tactical and strategic initiatives. Provides effective leadership by maintaining an environment that promotes teamwork and maximizes individual potential. Communicates effectively by providing clear and timely communication and demonstrating effective listening skills. Demonstrates adaptability by adjusting to changing business priorities. Note This position requires weekly travel in a company-provided vehicle with limited overnight stays; a current driver's license and acceptable driving history is required. Show more Show less"
linkedin:3693032519,archive,2024-01-14,https://www.linkedin.com/jobs/view/asset-wealth-management-%E2%80%93-regulated-investment-company-%E2%80%93-tax-senior-associate-at-pwc-3693032519,https://www.linkedin.com/jobs/view/asset-wealth-management-%E2%80%93-regulated-investment-company-%E2%80%93-tax-senior-associate-at-pwc-3693032519,2024-01-21 07:12:35.384792+00,1,1,0,Asset Wealth Management – Regulated Investment Company – Tax Senior Associate,PwC,"Sacramento, CA",2024-01-14,Davis,United States,Manager Records Analysis,Mid senior,Onsite,"Tax, CPA, Form 1120RIC, RICs, Shareholder reporting, Subchapter M, IRC, Client discussions, Project management, Finance, Accounting, Communication, Feedback, Leadership, Problemsolving, Critical thinking, Data analysis, Automation, Tax structuring, Industry insights, Digitization, Ethics, PwC Professional, Business consulting","Specialty/Competency: Industry Tax Practice Industry/Sector: Asset and Wealth Management Time Type: Full time Travel Requirements: Up to 20% A career in our Financial Services Tax practice, within Corporate Tax services, will provide you with the opportunity to help our clients meet their tax obligations while managing the impact tax has on their business. You’ll advise clients on their local and overseas tax affairs, while acting as a strategic consultant related to business analysis, managing working capital, and profit sharing for partners. You’ll also help organisations understand the pricing implications of goods and services between related parties, as well as providing advice on tax implications of deals. Our team helps our Financial Services clients navigate the frequently changing and complex national and international tax environment related to stringent capital requirements, management of operational tax risks, and tax implications of investing in different jurisdictions. You’ll help our clients with their tax structuring while helping to address the challenges of the continuously changing tax world, both locally and globally. To really stand out and make us fit for the future in a constantly changing world, each and every one of us at PwC needs to be a purpose-led and values-driven leader at every level. To help us achieve this we have the PwC Professional; our global leadership development framework. It gives us a single set of expectations across our lines, geographies and career paths, and provides transparency on the skills we need as individuals to be successful and progress in our careers, now and in the future. Responsibilities As a Senior Associate, you'll work as part of a team of problem solvers, helping to solve complex business issues from strategy to execution. PwC Professional skills and responsibilities for this management level include but are not limited to: Use feedback and reflection to develop self awareness, personal strengths and address development areas. Delegate to others to provide stretch opportunities, coaching them to deliver results. Demonstrate critical thinking and the ability to bring order to unstructured problems. Use a broad range of tools and techniques to extract insights from current industry or sector trends. Review your work and that of others for quality, accuracy and relevance. Know how and when to use tools available for a given situation and can explain the reasons for this choice. Seek and embrace opportunities which give exposure to different situations, environments and perspectives. Use straightforward communication, in a structured way, when influencing and connecting with others. Able to read situations and modify behavior to build quality relationships. Uphold the firm's code of ethics and business conduct. Additional Responsibilities We’re leading the way as technology-enabled tax advisors who provide value through digitization, automation and increased efficiencies - all made possible by equipping our professionals to succeed in a world where transactions are faster, more complicated and require a deeper level of sophistication. PwC Tax provides unparalleled technical knowledge and specialization and industry insights, coupled with the One Firm knowledge that brings everything PwC offers to solve our clients’ needs Custom Orgs Global LoS : Tax Basic Qualifications Job Requirements and Preferences : Minimum Degree Required Bachelor Degree Minimum Years Of Experience 3 year(s) Preferred Qualifications Additional Educational Preferences : Job seekers must demonstrate all of the minimum requirements are met for CPA licensure per respective state regulations. Certification(s) Preferred CPA or commitment to pass CPA exam before being promoted to Manager and thereafter obtain CPA licensure, or Member of the Bar. Preferred Knowledge/Skills Demonstrates thorough knowledge and/or a proven record of success in compliance and consulting for mutual funds, ETFs, interval funds, business development companies etc. Requirements Demonstrates thorough abilities and/or a proven record of success knowledge around Form 1120-RIC and the associated statements, elections and state requirements of RICs, shareholder reporting, Subchapter M of the IRC and related qualification tests, including: Identifying and addressing client needs; Actively participating in client discussions and meetings; Communicating a broad range of Firm services; Creating a positive environment by monitoring workloads of the team while meeting client expectations and respecting the work-life quality of team members; Providing candid, meaningful feedback in a timely manner; and, Keeping leadership informed of progress and issues. Learn more about how we work: https://pwc.to/how-we-work PwC does not intend to hire experienced or entry level job seekers who will need, now or in the future, PwC sponsorship through the H-1B lottery, except as set forth within the following policy: https://pwc.to/H-1B-Lottery-Policy. All qualified applicants will receive consideration for employment at PwC without regard to race; creed; color; religion; national origin; sex; age; disability; sexual orientation; gender identity or expression; genetic predisposition or carrier status; veteran, marital, or citizenship status; or any other status protected by law. PwC is proud to be an affirmative action and equal opportunity employer. For positions based in San Francisco, consideration of qualified candidates with arrest and conviction records will be in a manner consistent with the San Francisco Fair Chance Ordinance. For positions in California, Colorado, Hawaii, Nevada, New York State, or Washington State, or for opportunities that will report to a supervisor, office or other work site in New York State, please visit the following link for pay range information: https://pwc.to/payrange-v1-taxseniorassociate Show more Show less"
linkedin:3802701170,archive,2024-01-14,https://www.linkedin.com/jobs/view/travel-rn-med-surg-at-rnnetwork-3802701170,https://www.linkedin.com/jobs/view/travel-rn-med-surg-at-rnnetwork-3802701170,2024-01-21 07:12:35.740031+00,1,1,0,Travel RN - Med Surg,RNnetwork,"Billings, MT",2024-01-14,Billings,United States,Manager Benefits,Mid senior,Onsite,"MedicalSurgical nursing, RN, Travel nursing, CHG Job ID #1065760, Weekly pay, Holiday Pay, Guaranteed Hours, 401k retirement plan, Pet insurance, Company provided housing options, Sick pay, Referral bonus, Employee assistance programs, Medical benefits, Dental benefits, Vision benefits, 12hour shifts, 36 hours per week, Night shifts","RNnetwork is seeking a travel nurse RN Med Surg for a travel nursing job in Billings, Montana. Job Description & Requirements Specialty: Med Surg Discipline: RN Start Date: 02/04/2024 Duration: 13 weeks 36 hours per week Shift: 12 hours, nights Employment Type: Travel RNnetwork has an excellent travel opportunity for a provider experienced in the following specialty: RN-Medical/Surgical. This opportunity will be available in Billings, MT. The Medical-Surgical position will cover and provide care within that unit. The facility needs an experienced provider to help care for their patients. Your schedule or shifts for this assignment will be: . Travel nursing is a rewarding and exciting career path, and RNNetwork has the best recruiters and support in the industry. We do our very best to get you the pay, location, schedule, and setting you want. Contact us today to find your next travel assignment! Specialty: Registered Nurse - Medical-Surgical Shift CHG Job ID #1065760. Pay package is based on 12 hour shifts and 36 hours per week (subject to confirmation) with tax-free stipend amount to be determined. Posted job title: RN - Medical-Surgical - Night 12 - - Billings - About RNnetwork One of the largest travel nursing companies in the nation, RNnetwork is recognized as the industry’s gold standard. Founded in 1998, RNnetwork has built an excellent reputation by making the needs of our travel nurses our top priority. Our ability to combine the friendly, personal service of a small company with the benefits, resources, and stability of our strong, stable parent company—CHG Healthcare Services—gives our nurses the best of both worlds. Because we focus only on travel nursing, we do it better than anyone else. Our goal is to make your career as a travel nurse the most rewarding, most enjoyable experience possible. We offer job opportunities for our travel nurses in every specialty in a full range of settings—from large hospitals in fast-paced cities to quiet, peaceful environments in rural communities. The primary link between our travel nurses and their potential employers, RNnetwork recruiters work tirelessly to achieve the salary, shift, and setting that best serves each nurse’s needs. The personal care and one-on-one attention you receive from RNnetwork distinguishes us from our competitors. We will provide you with the best service around the clock, wherever and whenever you need us, in a way that ensures you have a rewarding travel nurse experience. We build your trust by proving to you every day that you made the right decision when you chose RNnetwork as your travel nurse agency. RNnetwork recruiters are skilled across all nursing specialties and are expert in matching your abilities and preferences with the needs of our client facilities. Our recruiters handle all the details, from credentials and licensing to housing and travel arrangements. We’re always on call. You can call RNnetwork anytime, day or night for 24/7 access to an RNnetwork manager who will immediately take care of your needs. Benefits Weekly pay Holiday Pay Guaranteed Hours 401k retirement plan Pet insurance Company provided housing options Sick pay Referral bonus Employee assistance programs Medical benefits Dental benefits Vision benefits Benefits start day 1 Show more Show less"
linkedin:3734501806,archive,2024-01-15,https://www.linkedin.com/jobs/view/sr-experience-design-manager-learn-and-help-at-adobe-3734501806,https://www.linkedin.com/jobs/view/sr-experience-design-manager-learn-and-help-at-adobe-3734501806,2024-01-21 07:12:36.069828+00,1,1,0,"Sr Experience Design Manager, Learn and Help",Adobe,"New York, NY",2024-01-15,Bayonne,United States,Cost-And-Sales-Record Supervisor,Mid senior,Onsite,"Adobe Experience Cloud, Adobe Creative Cloud, UI Frameworks, Visual Design Languages, Product Management, Team Leadership, Design Execution, Project Management, UX Research, Communication Design, Systems Design, Web Design, Agile Development, Quality Assurance, Product Scalability, Experience Strategy, Team Culture, Prototyping, Content Strategy, Data Analytics, Design Sprints, Product Innovation, CrossFunctional Collaboration","Our Company Changing the world through digital experiences is what Adobe’s all about. We give everyone—from emerging artists to global brands—everything they need to design and deliver exceptional digital experiences! We’re passionate about empowering people to create beautiful and powerful images, videos, and apps, and transform how companies interact with customers across every screen. We’re on a mission to hire the very best and are committed to creating exceptional employee experiences where everyone is respected and has access to equal opportunity. We realize that new ideas can come from everywhere in the organization, and we know the next big idea could be yours! The opportunity Lead the design team that is working to improve Adobe’s web destinations for learn and help: learn.adobe.com and help.adobe.com. The team collaborates with business leaders, engineering, and research to deeply understand customer needs and build industry-standard experiences that unblock, teach, empower, and inspire. The work has huge impact and reaches millions of creators daily, making this role an outstanding opportunity to enhance these essential experiences and innovate on behalf of creative people. The role We’re seeking an energetic experience design leader who is passionate about helping people get the most from creative tools. This role requires experience crafting modern web experiences and developing intuitive interfaces for large libraries of content. This manager will work closely alongside the design director, designers, and product teams to develop ideas from concept through implementation. We’re looking for a natural leader who can inspire, organize, and nurture a team. The ideal candidate should have a strong design background, a passion for great user experience, a desire to drive innovation and iteration, and a proven track record to lead and manage teams. In this role, you will: Partner with Product and Engineering to define the key objectives and identify the most impactful features to build Understand and help the teams understand analytical quantitative and user research qualitative data that impact experiences and user choices Lead and strengthen a team of world-class designers to craft compelling experiences for web Build a successful, collaborative environment that encourages deep partnership with cross-functional teams and sets a high bar for design craft Own the design execution across monthly and quarterly product releases while ensuring that we ship at the highest design quality Shape the vision of how users engage on our experiences by facilitating design sprints and articulating the design strategy to all team members Represent the team and work to senior leadership at Adobe Champion customer-centricity, accessibility and inclusion, and good design choices across functions What you’ll need to succeed: College degree Extensive experience designing for modern and content-rich web experiences, communication design, and systems design Experience with and passion for building products and experiences that help people learn and increase their creativity and productivity A strong grasp of what’s ‘under the hood’ including the back-end systems and backstage processes that enable high-velocity content publishing at scale 5+ years of management and leadership experience A deep understanding of creative collaboration and a dedication to building strong team culture and growing designers Experience working in large teams with many moving parts Experience helping your team conduct research, present results, and develop plans to act on those results Awareness of how visual design languages and UI frameworks affect the design process A consistent track record of launching products that delight, innovate and scale Strong interpersonal, written and oral communication skills How to apply To be considered for this role you must submit a resume and be prepared to present examples of your successful leadership, team development, process improvements and organizational skills. About Adobe Design Adobe Design creates tools that amplify the world’s ability to create and communicate. We’re a global team of designers, researchers, prototypers, content strategists, program managers, and more who work across Adobe’s three product lines: Creative Cloud, Document Cloud, and Experience Cloud. Our compensation reflects the cost of labor across several U.S. geographic markets, and we pay differently based on those defined markets. The U.S. pay range for this position is $135,200 -- $262,100 annually. Pay within this range varies by work location and may also depend on job-related knowledge, skills, and experience. Your recruiter can share more about the specific salary range for the job location during the hiring process. At Adobe, for sales roles starting salaries are expressed as total target compensation (TTC = base + commission), and short-term incentives are in the form of sales commission plans. Non-sales roles starting salaries are expressed as base salary and short-term incentives are in the form of the Annual Incentive Plan (AIP). In addition, certain roles may be eligible for long-term incentives in the form of a new hire equity award. Adobe is proud to be an Equal Employment Opportunity and affirmative action employer. We do not discriminate based on gender, race or color, ethnicity or national origin, age, disability, religion, sexual orientation, gender identity or expression, veteran status, or any other applicable characteristics protected by law. Learn more. Adobe aims to make Adobe.com accessible to any and all users. If you have a disability or special need that requires accommodation to navigate our website or complete the application process, email accommodations@adobe.com or call (408) 536-3015. Adobe values a free and open marketplace for all employees and has policies in place to ensure that we do not enter into illegal agreements with other companies to not recruit or hire each other’s employees. Show more Show less"
linkedin:3804703972,archive,2024-01-15,https://ca.linkedin.com/jobs/view/coordonnateur-diversit%C3%A9-%C3%A9quit%C3%A9-et-inclusion-at-ey-3804703972,https://ca.linkedin.com/jobs/view/coordonnateur-diversit%C3%A9-%C3%A9quit%C3%A9-et-inclusion-at-ey-3804703972,2024-01-21 07:12:36.508556+00,1,1,0,"Coordonnateur, Diversité, équité et inclusion",EY,"Dieppe, New Brunswick, Canada",2024-01-15,New Brunswick,Canada,Container Coordinator,Mid senior,Onsite,"Coordination, Communication, Relationship Building, Event Planning, Public Speaking, Microsoft Office Suite, Excel, Powerpoint, Training & Development, Project Management, Change Management, Diversity & Inclusion, Human Resources, Identity & Intersectionality, Racial Equity, Sensitive Information Management, Bilingualism: English & French, Diversity & Inclusion Strategy, Inclusive Content Creation, Collaboration, Interpersonal Skills, Confidentiality, Emotional Intelligence, Leadership, Problem Solving, Time Management","Chez EY, vous aurez l’occasion de bâtir une carrière aussi unique que vous l’êtes. Et grâce au volet mondial, au soutien, à la culture inclusive et à la technologie, vous pourrez devenir la meilleure version de vous-mêmes. Nous comptons sur votre voix et votre point de vue uniques pour aider EY à devenir encore meilleure également. Joignez-vous à nous et créez une expérience exceptionnelle pour vous-mêmes et un monde meilleur pour tous. La possibilité Nous sommes à la recherche d’un coordonnateur pour se joindre à l’équipe Diversité, équité et inclusion. Le titulaire du poste jouera un rôle crucial dans l’établissement d’une culture plus diverse, inclusive et équitable chez EY. Le coordonnateur Diversité, équité et inclusion sera responsable de soutenir les leaders des réseaux professionnels dans le développement de programmes de mise en œuvre ou d’initiatives qui encourageront la diversité, feront la promotion de l’équité et veilleront au soutien de la sécurité psychologique de tous les employés. Le titulaire du poste fera le lien avec les équipes internes telles que Marque, communications et marketing, Recrutement et Développement commercial. Cette personne aura également la possibilité d’interagir et d’établir des relations avec les réseaux professionnels et des organismes externes. Vos principales responsabilités Se tenir en liaison avec les réseaux professionnels, être présent lors des réunions des réseaux, aider dans le cadre de relations de commandite et d’évènements internes comme externes. Créer un forum de partage des connaissances pour sensibiliser les gens et assurer une amélioration continue. Veiller à la conception, à la gestion de projets et à la facilitation des ateliers, des groupes de discussion, des séances d’écoute et des présentations entre les différentes gammes de service et tous les échelons. Établir et entretenir des relations avec les clients, les organismes communautaires, les consultants et les fournisseurs. Créer du contenu et des ressources inclusifs pour le personnel d’EY sur le site Web interne. Assister à des conférences, tables rondes, évènements commandités et forums externes pour représenter EY et demeurer en contact avec la collectivité élargie. Communiquer et entretenir des relations avec l’équipe des réseaux professionnels des Amériques, créer un site SharePoint et dresser des listes d’envoi locales et à l’échelle des Amériques. Compétences et qualités pour réussir : Excellentes aptitudes en communication et capacité à travailler efficacement avec de nombreuses parties prenantes de tous les échelons de l’entreprise Bon esprit d’équipe et capacité à assurer la coordination et à travailler au sein d’une équipe intégrée Compréhension démontrée en matière de racisme et d’intersectionnalité ainsi que des différents éléments de la diversité comme les types d’identité y compris l’identité ou l’expression de genre, l’ethnie, la culture ou la nationalité, la sexualité, l’appartenance religieuse, l’orientation sexuelle, les capacités ou incapacités, la situation familiale, etc. Expérience et compétences en gestion de discussions complexes et en traitement d’informations confidentielles et sensibles Aptitudes en gestion de projets et de changements et capacité de gérer parallèlement plusieurs projets et dates d’échéances Pour être admissible à ce poste, vous devez avoir : un minimum de 2 à 4 années d’expérience de travail pertinente en diversité, équité et inclusion ou en ressources humaines; un baccalauréat ou expérience de travail équivalente; une excellente connaissance pratique d’Excel et de PowerPoint; de l’expérience à donner des formations et du perfectionnement et la capacité de mettre au point des ressources d’apprentissage pour des présentations de groupe et de faciliter des ateliers virtuels ou en présentiel; un niveau de compétence professionnelle en anglais, ce rôle comportant des interactions avec des clients et des professionnels en interne comme en externe à l’échelle nationale et mondiale. La maîtrise du français et de l’anglais est un atout. L’échelle salariale pour ce poste en Colombie-Britannique va de 46 400 $ à 69 600 $. Les salaires individuels à l’intérieur de cette échelle sont déterminés en fonction d’une grande variété de facteurs, y compris, sans s’y limiter, la formation, l’expérience, les connaissances, les compétences et la ville où se situe le lieu de travail. Ce que nous offrons Nous offrons un programme de rémunération concurrentiel selon lequel vous êtes rémunéré en fonction de votre rendement et qui reconnaît la valeur que vous apportez à l’entreprise. De plus, notre programme de rémunération globale vous permet de déterminer les avantages qui vous conviennent et ceux qui vous aideront à mettre en place des assises solides pour votre avenir. Il comprend un programme de primes discrétionnaires, une couverture complète de soins médicaux, de médicaments d’ordonnance et de soins dentaires, un régime de retraite à cotisations définies, une directive en matière de vacances formidable, à laquelle s’ajoutent des journées payées par la Société afin que vous profitiez de fins de semaine allongées réparties dans l’année, les jours fériés et des congés personnels payés (en fonction de la province de résidence), ainsi qu’un éventail de programmes et d’avantages intéressants conçus pour votre bien-être physique, financier et social. Vous bénéficierez également : du soutien et de l’encadrement de certains des collègues les plus inspirants du secteur; des possibilités d’apprentissage vous permettant d’acquérir de nouvelles compétences et de propulser votre carrière; de la liberté et de la souplesse dont vous avez besoin pour jouer votre rôle de la manière qui vous convient. La diversité et l’inclusivité chez EY La diversité et l’inclusivité sont au cœur de qui nous sommes et de la façon dont nous travaillons. Nous avons pris l’engagement de favoriser un environnement au sein duquel les différences sont appréciées, les directives et les pratiques sont équitables, et où nos gens éprouvent un sentiment d’appartenance. Nous saluons la diversité et nous nous engageons à combattre le racisme systémique, à appuyer les membres de la communauté 2SLGBT+, à promouvoir notre Centre d’excellence en neurodiversité et nos initiatives en matière d’accessibilité, et nous sommes déterminés à donner la parole aux Autochtones (Premières Nations, Inuits et Métis) à l’échelle nationale dans la poursuite de nos efforts de réconciliation. La diversité des expériences, des habiletés, des parcours et des perspectives de nos gens les rend uniques et nous aide à évoluer. Parce que nous croyons que c’est en ayant la liberté d’être fidèles à eux-mêmes au travail que nos gens donneront le meilleur d’eux-mêmes et contribueront à bâtir un monde meilleur. EY | Travailler ensemble pour un monde meilleur La raison d’être d’EY est de bâtir un monde meilleur, de créer de la valeur à long terme pour les clients, les gens et la société et de renforcer la confiance à l’égard des marchés financiers. S’appuyant sur les données et la technologie, les équipes diversifiées d’EY présentes dans plus de 150 pays instaurent la confiance au moyen de la certification, et aident les clients à prospérer, à se transformer et à exercer leurs activités. Que ce soit dans les services de certification, de consultation, de stratégie, de fiscalité ou de transactions, ou encore, au sein des services juridiques, les équipes d’EY posent de meilleures questions pour trouver de nouvelles réponses aux enjeux complexes du monde d’aujourd’hui. Show more Show less"
linkedin:3805265687,archive,2024-01-14,https://www.linkedin.com/jobs/view/assistant-salon-manager-cornelius-gateway-at-jobs-for-humanity-3805265687,https://www.linkedin.com/jobs/view/assistant-salon-manager-cornelius-gateway-at-jobs-for-humanity-3805265687,2024-01-21 07:12:36.739562+00,1,1,0,Assistant Salon Manager - Cornelius Gateway,Jobs for Humanity,"Cornelius, OR",2024-01-14,Newberg,United States,Barber,Mid senior,Onsite,"Communication skills, Motivation, Technical skills, Flexibility, Organization, Goalorientation, Cosmetology license, Barber license, Team management, Customer service, Career growth","Job Description Got shears and a winning attitude? Have a yearning to earn and a desire to support other stylists? Then let’s talk! Maybe you’re a stylist who wants more responsibility, or you’re looking for a new opportunity? If this sounds like you, then you may have what it takes to be an assistant salon manager at a Great Clips salon. Great things happen at a Great Clips salon, and we’d love for you to be part of that. Are you looking for an opportunity to grow and take on a leadership role in a supportive organization? We are looking for accomplished stylists who want to excel and grow with us. What are salon owners looking for in a great Assistant Salon Manager? Great communication skills A motivating attitude Top-notch technical skills Flexible and organized Driven to achieve goals Licensed to cut hair Requirements: Cosmetology and/or barber license (licensing requirements vary by state/province) What benefits may be offered by each salon owner in return? Manager training to grow your team and the salon Incentives and recognition for a job well done An immediate customer base Ongoing training for career growth Sounds good, right? Then the salon owner wants to hear from you! Do what you love doing with a great brand. Join a Great Clips salon team today. Show more Show less"
linkedin:3803578084,archive,2024-01-14,https://www.linkedin.com/jobs/view/travel-rn-long-term-care-at-coremedical-group-3803578084,https://www.linkedin.com/jobs/view/travel-rn-long-term-care-at-coremedical-group-3803578084,2024-01-21 07:12:37.537623+00,1,1,0,Travel RN - Long Term Care,CoreMedical Group,"Barnstable, MA",2024-01-14,Barnstable,United States,Nurse Head,Mid senior,Onsite,"Travel Nursing, Long Term Care, RN (Registered Nurse), 13 weeks contract, 40 hours per week, 8hour shifts, Massachusetts licensure, Housing allowance, Health insurance, Dental insurance, Vision insurance, Licensure assistance and reimbursement, 401k with matching, Referral bonus program, Club CoreMed trip points, Weekly pay, Holiday pay, Guaranteed hours, Continuing education, Pet insurance, Companyprovided housing options, Sick pay, Wellness and fitness programs, Mileage reimbursement, Employee assistance programs, Life insurance, Discount program","Core Medical Group is seeking a travel nurse RN Long Term Care for a travel nursing job in Barnstable, Massachusetts. Job Description & Requirements Specialty: Long Term Care Discipline: RN Start Date: 02/05/2024 Duration: 13 weeks 40 hours per week Shift: 8 hours Employment Type: Travel Client in MA seeking RN LTC (RN) to work 8.00 hr - NOC Shift You'll be surprised how much Massachusetts has to offer in so small a state - great beaches, outdoor fun, fresh-caught seafood, major-league sports, and a wealth of cultural activities.If your idea of a perfect getaway is to head straight to the shore, you'll find some pretty spectacular places to set your beach umbrella. If you prefer outside activity, Massachusetts' parks, mountains, and rivers offer wide-open spaces and a chance to hike, bike, canoe, or rocket through whitewater rapids on a raft. Or relive the excitement and drama of America's past with our living history museums and walking trails will transport you back in time. CoreMedical Group has hundreds of exciting and rewarding travel assignments throughout the country for Travel Allied Professionals and Travel Nurses. Plus, we're the only healthcare staffing company to offer our travelers a free, all-inclusive tropical vacation. You can earn our Club CoreMed vacation by working contracts and referring other travel professionals. As a Travel Allied Professional Or a Traveling Nurse With CoreMedical Group, You Are Eligible For Some Of The Best Benefits In The Industry, Including: Free Private Housing or a Generous Housing Allowance Health Insurance coverage, Medical/Dental/Vision $50K in Free Life Insurance coverage Travel Reimbursement Licensure Assistance & Reimbursement Matching 401K Referral Bonus $$ Program Club CoreMed Trip Points Plus much more! Estimate of weekly payments is intended for informational purposes and includes hourly wages, as well as reimbursements for meal & incidental expenses, and housing expenses incurred on behalf of the Company. Any benefits (medical/dental/vision) are in addition to the weekly pay. Please speak with your Recruiter for additional details. Estimated payments are subject to change until formal offer of assignment is made and accepted. Core Medical Group Job ID #1134139. Pay package is based on 8 hour shifts and 40 hours per week (subject to confirmation) with tax-free stipend amount to be determined. Posted job title: RN About Core Medical Group CoreMedical Group is one of the largest healthcare staffing agencies in the country. We have jobs nationwide in travel nursing, travel allied health, interim, locum tenens, and permanent placements! Join the staffing agency with Club CoreMed, the best perk in the industry - an all inclusive paid trip to a tropical resort! Benefits Weekly pay Holiday Pay Guaranteed Hours Continuing Education 401k retirement plan Pet insurance Company provided housing options Sick pay Wellness and fitness programs Mileage reimbursement Referral bonus Employee assistance programs Medical benefits Dental benefits Vision benefits Benefits start day 1 License and certification reimbursement Life insurance Discount program Show more Show less"
linkedin:3784904292,archive,2024-01-14,https://www.linkedin.com/jobs/view/manufacturing-engineer-ii-machine-shop-r38097-at-blue-origin-3784904292,https://www.linkedin.com/jobs/view/manufacturing-engineer-ii-machine-shop-r38097-at-blue-origin-3784904292,2024-01-21 07:12:37.754491+00,1,1,0,Manufacturing Engineer II - Machine Shop (R38097),BLUE ORIGIN,"Merritt Island, FL",2024-01-14,Cocoa Beach,United States,Central-Office Equipment Engineer,Mid senior,Onsite,"Mechanical Engineering, Manufacturing Engineering, Industrial Engineering, Aerospace Engineering, CAD (Creo Pro/E Catia), GD&T, AS9100, CNC programming, SolidWorks, Creo, CATIA, AutoCAD, Fabrication, Assembly, Integration, Testing, Refurbishment, Quality control, Build sequence, Schedule management, Nonconformance processing, Process specifications, Work instructions, Routings, Material planning, Cost reduction, Optimization, Root cause analysis, Corrective actions, Material handling, Packaging, Hardware configuration, Pedigree management, Engineering drawing review, Repair, Rework, Problemsolving, Teamwork, Communication, Leadership, Attention to detail, Safety, Quality, Reliability, Innovation, Adaptability, Flexibility, Customer focus, Professionalism, Ethics, Integrity, U.S. citizenship or national, U.S. permanent resident, Lawfully admitted into the U.S. as a refugee or granted asylum, Ability to lift and carry 40 lbs, Ability to climb stairs and work in small areas, Ability to support production floor activities","At Blue Origin, we envision millions of people living and working in space for the benefit of Earth. We’re working to develop reusable, safe, and low-cost space vehicles and systems within a culture of safety, collaboration, and inclusion. Join our diverse team of problem solvers as we add new chapters to the history of spaceflight! We are a diverse team of collaborators, doers, and problem-solvers who are relentlessly committed to a safe environment. This position will directly impact the history of space exploration and will require your commitment and detailed attention towards safe and repeatable space flight. Join us in lowering the cost of access to space and enabling Blue Origin’s vision of millions of people living and working in space to benefit Earth. As part of a diverse and hardworking team of engineers and specialists, you will be responsible for developing and supporting the New Glenn rocket assembly processes. New Glenn is a single configuration heavy-lift launch vehicle capable of carrying people and payloads routinely to Earth orbit and beyond. Featuring a reusable first stage built for 25 missions, New Glenn will build a road to space. You will directly support New Glenn’s as well as Blue Origin’s success through leading the development of manufacturing bill of materials, work instructions, design for manufacturability, non-conformance processing, and process specifications. Including creating, interpreting, and modifying work instructions and routings to convey procedures to technicians and trigger material planning. Throughout the manufacturing process, you will also identify, develop, and deploy methods to improve quality, reduce cost, and optimize build sequence and schedules. We are looking for someone to apply their technical expertise, lead with a commitment to quality and positively impact safe human spaceflight. Passion for our mission and vision is required! Qualifications: Bachelor of Science in Mechanical, Manufacturing, Industrial, or Aerospace Engineering (other relevant fields may apply) from an accredited university. +3 years of direct manufacturing and manufacturing engineering experience. Hardware manufacturing experience with structures, fluid systems, mechanical systems, or avionics systems, including but not limited to: assembly, integration, instrumentation, cleaning, non-destructive testing, leak testing, machining, welding, surface coatings, harness/cable routings, or composite structures. Develop manufacturing work instructions to clearly define the following manufacturing process: fabrication, assembly, test, integration, and refurbishment. Closely manage quality, build sequence, and schedule of hardware throughout the entire manufacturing process. Perform engineering drawing review and provide final approval for manufacturing. Define and support repair and rework activities. Perform root cause analyses when non-conformances and escapes are identified and deploy corrective actions. Design proper material handling and packaging to protect hardware throughout the build and test process. Manage hardware configuration and maintain pedigree throughout the entire build and test process. Understanding of engineering fundamentals for mechanical design and manufacturing including working knowledge of GD&T. Experience prioritizing hardware procurement and fabrication and communicating these priorities to the team. Strong written, personal, technical, and software skills (CAD, Scheduling, Issue Tracking, Excel, Word, PowerPoint, Outlook, etc). Ability to develop processes compliant to industry quality systems such as AS9100. Extremely customer focused with strong verbal and written communication skills. A demonstrated ability to work cooperatively with teams of diverse skills across large geographic distances. Ability to earn trust, maintain positive and professional relationships, and contribute to a culture of inclusion. Must be a U.S. citizen or national, U.S. permanent resident (current Green Card holder), or lawfully admitted into the U.S. as a refugee or granted asylum. Must be physically able to: Support production floor activities. Climb stairs and work in small areas. Lift and carry 40 lbs. Desired: Proficiency with fabrication special processes (machining, grinding, forging, welding, casting, forming, rolling etc.) Experience with hard and exotic metals Proficient with applicable industry standards Experience with CNC programming Experience with aircraft, launch vehicle, spacecraft, or satellite development, production, or operations Proficient in writing work instructions at a high pace. Self-directed and able to balance several tasks at once Proficiency in 3D CAD programs (Creo Pro/E & Catia preferred). Inclusivity Statement Don’t meet all desired requirements? Studies have shown that some people are less likely to apply to jobs unless they meet every single desired qualification. At Blue Origin, we are dedicated to building a diverse, inclusive, and authentic workplace, so if you’re excited about this role but your past experience doesn’t align perfectly with every desired qualification in the job description, we encourage you to apply anyway. You may be just the right candidate for this or other roles. Export Control Regulations Applicants for employment at Blue Origin must be a U.S. citizen or national, U.S. permanent resident (i.e. current Green Card holder), or lawfully admitted into the U.S. as a refugee or granted asylum. Benefits Benefits include: Medical, dental, vision, basic and supplemental life insurance, paid parental leave, short and long-term disability, 401(k) with a company match of up to 5%, and an Education Support Program. Paid Time Off: Up to four (4) weeks per year based on weekly scheduled hours, and up to 14 company-paid holidays. Discretionary bonus: Bonuses are designed to reward individual contributions as well as allow employees to share in company results. Eligibility for benefits varies by role type, please check with your recruiter for a comprehensive list of the benefits available for this role. Equal Employment Opportunity Blue Origin is proud to be an Equal Opportunity/Affirmative Action Employer and is committed to attracting, retaining, and developing a highly qualified, diverse, and dedicated work force. Blue Origin hires and promotes people on the basis of their qualifications, performance, and abilities. We support the establishment and maintenance of a workplace that fosters trust, equality, and teamwork, in which all employees recognize and appreciate the diversity of individual team members. We provide all qualified applicants for employment and employees with equal opportunities for hire, promotion, and other terms and conditions of employment, regardless of their race, color, religion, gender, sexual orientation, gender identity, national origin/ethnicity, age, physical or mental disability, genetic factors, military/veteran status, or any other status or characteristic protected by federal, state, and/or local law. Blue Origin will consider for employment qualified applicants with criminal histories in a manner consistent with applicable federal, state, and local laws, including the Washington Fair Chance Act, the California Fair Chance Act, the Los Angeles Fair Chance in Hiring Ordinance, and other applicable laws. For more information on “EEO Is the Law,” please see here. California Applicant Privacy Notice If you are a California resident, please reference the CA Applicant Privacy Notice here. Show more Show less"
linkedin:3786027245,archive,2024-01-14,https://www.linkedin.com/jobs/view/income-tax-preparer-2%2Byrs-paid-tax-experience-required-at-jobs-for-humanity-3786027245,https://www.linkedin.com/jobs/view/income-tax-preparer-2%2Byrs-paid-tax-experience-required-at-jobs-for-humanity-3786027245,2024-01-21 07:12:34.019868+00,1,1,0,Income Tax Preparer - 2+Yrs Paid Tax Experience Required,Jobs for Humanity,"Omaha, NE",2024-01-14,Nebraska,United States,Tax Clerk,Mid senior,Onsite,"Intuit TurboTax, 1040 tax returns, Video communication, Customer service, Tax preparation, Tax laws, Tax assistance","Company Description Jobs for Humanity is partnering with Intuit to build an inclusive and just employment ecosystem. Therefore, we prioritize individuals coming from the following communities: Refugee, Neurodivergent, Single Parent, Blind or Low Vision, Deaf or Hard of Hearing, Black, Hispanic, Asian, Military Veterans, the Elderly, the LGBTQ, and Justice Impacted individuals. This position is open to candidates who reside in and have the legal right to work in the country where the job is located. Company Name: Intuit Job Description Job Opportunity: Tax Experts Intuit is looking for Tax Experts for the upcoming tax season. If you have an active PTIN and an unrestricted credential (CPA/EA/Practicing Attorney), we would love to connect with you! What You Will Get: Company Benefits: Enjoy a range of benefits including a 401(k) savings plan with Intuit matching, paid sick leave, Intuit-provided E&O insurance, employee stock purchase plan, employee assistance program, product discounts, and a free copy of TurboTax Live. Work Remotely: This position offers the opportunity to work 100% remotely, collaborating with an exceptional team from the comfort of your home or office. Who We Are Looking For: Experience: As a Tax Expert, you should have at least 2 years of paid experience filing 30 or more federal and state individual 1040 tax returns using commercial tax preparation software. Credentials: You possess an active, unrestricted credential such as EA, CPA, or Practicing Attorney, with strong tax preparation experience and extensive knowledge of tax laws. Passionate: You are passionate about helping clients navigate the complexities of taxation. Your commitment is to enhance our brand by delighting customers and empowering them to prepare their taxes. Customer Service Skills: You have excellent customer service skills, and you are excited to interact with customers through video and audio tools in a professional, friendly, and confident manner. What You Will Do: Tax Assistance: You will help our customers complete their taxes using Intuit TurboTax products. This includes providing tax advice, full service return preparation, tax calculations, and managing product/software inquiries. Expertise: You will utilize government websites, professional resources, and team expertise to seek out and deliver the right answer to the customer using everyday language. Virtual Communication: This is a virtual, customer-facing role. You will use our state-of-the-art video communication software to interact with customers, and you will document interactions to maintain accurate records. If you reside in the United States and are ready to earn supplemental income by helping people with their taxes, APPLY NOW! How to Apply: To apply for this position, please fill out the form below. We will review your application and be in touch with you shortly. Why You Should Join Our Team: Flexible working arrangements Inclusive and diverse workplace Opportunities for career growth and development Supportive and collaborative team environment If you have any questions or need assistance with the application process, please contact our recruitment team at [email protected] Show more Show less"
linkedin:3781129958,archive,2024-01-17,https://www.linkedin.com/jobs/view/senior-technical-program-manager-technology-governance-at-coinbase-3781129958,https://www.linkedin.com/jobs/view/senior-technical-program-manager-technology-governance-at-coinbase-3781129958,2024-01-19 09:45:09.215838+00,0,0,0,"Senior Technical Program Manager, Technology Governance",Coinbase,"Washington, DC",2024-01-17,Saint Charles,United States,Supervisor Mapping,Mid senior,Onsite,,
linkedin:3705247651,archive,2024-01-15,https://www.linkedin.com/jobs/view/triage-rn-michigan-heart-aa-office-at-trinity-health-3705247651,https://www.linkedin.com/jobs/view/triage-rn-michigan-heart-aa-office-at-trinity-health-3705247651,2024-01-19 14:39:50.208885+00,1,1,0,Triage RN- Michigan Heart AA office,Trinity Health,"Ypsilanti, MI",2024-01-15,Monroe,United States,Cardiologist,Mid senior,Onsite,"Cardiac Nursing, Patient Education, Liaison, Medical Information Documentation, Lab and Test Results Review, Cardiac Rhythm Recognition, Vital Signs and Symptoms Recognition, Intervention, Office Visit Assessment, Work Schedule Flexibility, ECG, Nurse Visits, Medication Authorization, Medication Refills, Conflict Resolution, Problem Identification and Solution, Confidentiality, Patient Safety, Code of Conduct, Service Excellence, Diversity and Inclusion, Equal Opportunity, Trinity Health, Saint Joseph Mercy Health System, SJMH","Employment Type Full time Shift Description: Provides support and clinical expertise to cardiac patients and staff. Triages test results to physicians and patients. M-F, ""business hours"" in Ann Arbor location, 8 or 10 hr shifts available. Performs comprehensive triage and patient education. Acts as a liaison between patients, primary care physicians, and Michigan Heart physicians. Documents medical information in patient’s electronic health record. Reviews lab and test results and works collaboratively with a team assistant. Recognizes abnormal cardiac rhythms, vital signs and symptoms. Intervenes appropriately, following protocols. Reports abnormal findings to cardiologist and other clinical team members. Responsible for assessing walk in patients to the office and determining if patient needs an office visit or can be followed up with on telephone. Demonstrates dependability and flexibility related to work schedule. Responsible for ECG's and other nurse visits as ordered by Michigan Heart Physicians/Providers. Assists patients with obtaining authorization for medication. Refills medications per protocol. Maintains good rapport and cooperative relationships. Approaches conflict in a constructive manner. Helps to identify problems, offer solutions, and participate in their resolution. Maintains the confidentiality of information acquired pertaining to patient, physicians, employees, and visitors to Saint Joseph Mercy Health System. Discusses patient and hospital information only among appropriate personnel in appropriately private places. Assumes responsibility for performance of job duties in the safest possible manner, to assure personal safety and that of coworkers, and to report all preventable hazards and unsafe practices immediately to management. Behaves in accordance with the Mission, Vision and Values of Saint Joseph Mercy Health System Maintains good rapport and cooperative relationships. Approaches conflict in a constructive manner. Helps to identify problems, offer solutions, and participate in their resolution. Maintains the confidentiality of information acquired pertaining to patient, physicians, colleagues, and visitors to St. Joseph Mercy Health. Discusses patient and hospital information only among appropriate personnel in appropriately private places. Behaves in accordance with the Code of Conduct, Service Excellence Standards, and the Mission, Vision and Values of SJMH. Assumes responsibility for performance of job duties in the safest possible manner, to assure personal safety and that of coworkers, and to report all preventable hazards and unsafe practices immediately to management. Education Graduate of an accredited school of nursing Experience Bachelors degree - Preferred At least 3 years of cardiac nursing experience - Required Demonstrates competence related to cardiac arrhythmia recognition - Required Certification/Licensure Michigan license - Required BCLS certification - Required ACLS certification – Required in regional office locations if responsible for pharmacological stress testing. Our Commitment to Diversity and Inclusion Trinity Health is one of the largest not-for-profit, Catholic healthcare systems in the nation. Built on the foundation of our Mission and Core Values, we integrate diversity, equity, and inclusion in all that we do. Our colleagues have different lived experiences, customs, abilities, and talents. Together, we become our best selves. A diverse and inclusive workforce provides the most accessible and equitable care for those we serve. Trinity Health is an Equal Opportunity Employer. All qualified applicants will receive consideration for employment without regard to race, color, religion, sex, sexual orientation, gender identity, national origin, disability, status as a protected veteran, or any other status protected by law. 00448291 Show more Show less"
linkedin:3800151766,archive,2024-01-17,https://www.linkedin.com/jobs/view/finance-manager-at-aston-carter-3800151766,https://www.linkedin.com/jobs/view/finance-manager-at-aston-carter-3800151766,2024-01-19 14:39:50.288894+00,1,1,0,Finance Manager,Aston Carter,"Southlake, TX",2024-01-17,Corinth,United States,Supervisor Line Department,Mid senior,Onsite,"Budgeting, Budgeting Analytics, Cognos, Data Analysis, Financial Analysis, Financial Forecasting, Financial Management, Hyperion, Microsoft Excel, Microsoft PowerPoint, Oracle, Planning, Presentation Skills, Procurement, Statistical Analysis, TM1, Variance Analysis, Written communication","Description Report up to FP&A Director. Provides guidance to employees within the latitude of established policies. Recommends changes to policies and establishes procedures that affect immediate organization. Establishes operational objectives and work plans. Reviews objectives to determine success of operation. Works on issues where analysis of situations or data requires an in-depth knowledge of organizational objectives. Implements strategic policies when selecting methods, techniques, and evaluation criteria for obtaining results. Manages activities of two or more groups or departments through subordinate staff who exercise full supervision in terms of costs, methods, and staffing. In some instances, may be responsible for managing staff function and may not have subordinate managers. Prepare annual operating budgets in coordination with leadership and budget owners; analyze variances in actual vs planned results. Provide budget and financial forecasting services for multiple projects and business lines. Provide timely accounting for expenditures and manage overhead expenses. Prepare monthly and ad-hoc financial information and business line forecasts. Monitor department finances and escalate concerns timely to associated management personnel, including financial risk and sensitivity analysis. Additional Skills & Qualifications Minimum Requirements : Bachelor's Degree in Finance, Accounting or related degree plus 8 years of relevant experience or demonstrated equivalency of experience and/or education. High proficiency within Excel Experience with a planning/budgeting analytics tool, such as TM1 Experience within a large, similarly complex organization Preferred Qualifications Strong capabilities in and knowledge of business analytics tools. Experience with Cognos, TM1, Oracle, eProcurement systems and Hyperion a plus Very strong quantitative and analytical skills and the ability to interpret financial data, including financial statements, key financial ratios, valuation models and techniques High proficiency in PowerPoint and advanced Excel; experience involving extensive work with complex spreadsheets Strong organizational skills - ability to handle multiple tasks simultaneously Outstanding oral communication, written and presentation skills Solid business acumen and ability to convey complex concepts Ability to thrive in an entrepreneurial environment and work successfully both independently and in a team. About Aston Carter Please Note: Scammers are posing as Aston Carter. We'll never contact you via Gmail, Telegram, or WhatsApp and we'll never solicit money from you. At Aston Carter, we’re dedicated to expanding career opportunities for the skilled professionals who power our business. Our success is driven by the talented, motivated people who join our team across a range of positions – from recruiting, sales and delivery to corporate roles. As part of our team, employees have the opportunity for long-term career success, where hard work is rewarded and the potential for growth is limitless. Established in 1997, Aston Carter is a leading staffing and consulting firm, providing high-caliber talent and premium services to more than 7,000 companies across North America. Spanning four continents and more than 200 offices, we extend our clients’ capabilities by seeking solvers and delivering solutions to address today’s workforce challenges. For organizations looking for innovative solutions shaped by critical-thinking professionals, visit AstonCarter.com. Aston Carter is a company within Allegis Group, a global leader in talent solutions. The company is an equal opportunity employer and will consider all applications without regards to race, sex, age, color, religion, national origin, veteran status, disability, sexual orientation, gender identity, genetic information or any characteristic protected by law. If you would like to request a reasonable accommodation, such as the modification or adjustment of the job application process or interviewing process due to a disability, please call 888-237-6835 or email astoncarteraccommodation@astoncarter.com for other accommodation options. However, if you have questions about this position, please contact the Recruiter located at the bottom of the job posting. The Recruiter is the sole point of contact for questions about this position. Show more Show less"
linkedin:3750027666,archive,2024-01-14,https://www.linkedin.com/jobs/view/ultrasound-technologist-registered-at-opelousas-general-health-system-3750027666,https://www.linkedin.com/jobs/view/ultrasound-technologist-registered-at-opelousas-general-health-system-3750027666,2024-01-19 14:39:50.450851+00,1,1,0,Ultrasound Technologist- Registered,Opelousas General Health System,"Opelousas, LA",2024-01-14,Lafayette,United States,Manager Employment,Mid senior,Onsite,"CPR, Registered Vascular Technologist, Registered Ultrasonographer, LSUE student supervision, Ultrasound technology, Xray technology, Mammography, Ultrasound equipment maintenance, Patient care, Infection control, Policy and procedure manual, Safety protocols, Quality control, Quality assurance, JCAHO Planning, Radiation safety, Patient modesty, Patient privacy, HIPPA compliance, Universal precautions","Performs all Ultrasound and other diagnostic radiographic procedures as directed by the Radiologist, Manager of Medical Imaging or the Senior Supervising Technologist. Recognizes the purpose of employment is to prioritize the patient as “number one (1)” and put forth utmost quality as a Staff Technologist. Essential Duties & Responsibilities: Aids in scheduling X-Ray, Mammography, and Ultrasound examinations and other radiographic procedures if necessary. Performs all Ultrasound and other radiology procedures/exams. Assists in transporting patients when necessary. Presents in-service according to schedule and provides documentation of the same to the Manager of Medical Imaging. Calls for service on maintenance of Ultrasound and other equipment as necessary. Cleans Ultrasound and other assigned equipment. Places patient at ease and explains to him/her what will be occurring and then performs initial evaluation of patient. Establishes patient I.D. and history with patient records. Builds rapport with patient so that he/she can feel staff concern. Should obtain accurate patient history while attempting to relieve patient anxiety. Demonstrates respect for patient modesty. Insures that patients are properly dressed. Explains to patients that all metal snaps and jewelry are to removed for a quality exam to be performed. Sees that patients are properly clothed and covered for exam. Positions each patient in a manner, which prevents unnecessary pain and discomfort. Each patient should be comfortable with his or her dignity preserved. Should be mindful of the patient’s condition and attitude. Ensures the quality of patient imaging by making the proper technical settings on the Ultrasound equipment used. Should always provide the Radiologist with quality diagnostic information, placing name, date, ordering physician, time, markers, and technologist’s initials, along with “Opelousas General Hospital Health System, Opelousas, Louisiana”. Observes all radiology and radiation safety procedures benefiting both the patient and the technologist. Informs each patient that safety procedures have been established to protect him/her. Observes all Radiology safety policy and procedures. Completes allow work tasks with great consideration for time and quality of patient care. Should set personal goals to achieve maximum productivity with the utmost quality in patient care. Assists others in there work tasks if needed. Volunteers assistance in other areas of the Department if needed and makes the Department more productive while improving the quality of care given. Shows care in maintaining equipment that she/we works with so that quality examinations can be reproduced on a consistent basis. Reports any malfunctions to the Medical Imaging Manager, while removing this equipment from use, if necessary. Assists in keeping entire Department clean. Assists all staff members in keeping Department clean and observe all infection control policies and procedures. Exercises care in preparing set-up procedure trays and materials used in examinations. Used techniques and materials as approved by the Medical Director. Ensures that all employee/patient related incidents are reported to the Manager of Medical Imaging or the Senior Supervising Technologist. Ensures the reporting of potential safety hazards to assure patient and employee safety. Ensures the reporting of all allergic reactions to the Radiologist on duty immediately. Insures that all patient IV problems are reported to the patient’s charge nurse/radiology nurse/nursing supervisor. Performs and carries out other reasonable requests or duties which may be assigned from time to time. Supervises and evaluates LSU-E students. Pursues appropriate continuing education and obtains required education credits as mandated by credentialing organizations and OGHS to include CPR Certification. Participates in the collection of data for QC, QA, and JCAHO Planning. Additional responsibilities for specific QC duties on an as needed basis. Provides data and serves on a team as needed. Maintains knowledge of and observing universal precautions within the standards practice of care. The incumbent of this position is required to demonstrate competencies in all age categories. Utilizes, follows and refers to the Policy and Procedure Manual and Procedure Protocol of all modalities, as well as following the OGHS Employee Handbook of Personnel Policies. The above statements reflect the general duties considered necessary to describe the principal functions of the job as identified and shall not be considered as a detailed description of all the work requirements which may be inherent in the position. Education: Certificate in Ultrasound required. Certification/License: Basic Life Support (CPR) Required, Louisiana State Radiologic Technology(LSRT) Preferred, Registered Ultrasonographer (ARDMS) Preferred, Registered Vascular Technologist (RVT) Preferred Show more Show less"
linkedin:3802015036,archive,2024-01-15,https://www.linkedin.com/jobs/view/licensed-clinical-psychologist-outpatient-woodburn-or-at-lifestance-health-3802015036,https://www.linkedin.com/jobs/view/licensed-clinical-psychologist-outpatient-woodburn-or-at-lifestance-health-3802015036,2024-01-19 14:39:51.418106+00,1,1,0,"Licensed Clinical Psychologist - Outpatient - Woodburn, OR",LifeStance Health,"Woodburn, OR",2024-01-15,Beaverton,United States,Clinical Psychologist,Mid senior,Onsite,"Clinical Psychology, Hybrid Model, Telemedicine, Digital Technology, Patient Care, Mental Healthcare, Assessment Planning, Report Writing, Therapy, Treatment Planning, Psychological Testing, Counseling, Licensed Psychology Practices, Credentialed in Oregon, Commutable Distance, Outpatient Care Setting, Behavioral Health Practice Group","At LifeStance Health, we believe in a truly healthy society where mental and physical healthcare are unified to make lives better. Our mission is to help people lead healthier, more fulfilling lives by improving access to trusted, affordable, and personalized mental healthcare. Everywhere. Every day. It’s a lofty goal; we know. But we make it happen with the best team in behavioral health. Thank you for taking the time to explore a career with us. As the fastest growing behavioral health practice group in the country, now is the perfect time to join our clinical team! We are actively looking to hire talented Clinical Psychologists within our offices in the greater Portland, OR area, who are passionate about patient care and committed to clinical excellence. Please Apply Now Or Contact Me Directly Garrett Miller Director, Practice Development We Offer Psychologists Flexible work schedules. Hybrid model - Telemedicine and in-person flexibility. Top compensation can exceed $143,000 - $163,000/year, no cap. Long Term Incentive Plan (Annual stock awards for eligible Psychologists). Full benefits package: health, dental, vision, life, 401k (with match), paid parental leave, holidays, EAP, and more. Collegial work environment. Newly designed and modern offices. Full administrative support. Latest in digital technology. Strong work/life balance. Psychologists are a critical part of our clinical team. We’re seeking Psychologists that are: Fully licensed and credentialed in Oregon (PhD or PsyD). Experienced in caring for adults, children and adolescents, or across the lifespan. Experienced with testing intakes, planning batteries for assessments, report writing, and feedback sessions. Must reside within commutable distance of local clinic(s). About LifeStance Health LifeStance is a national provider of mental healthcare services focused on evidenced-based, medically driven treatment services for children, adolescents and adults suffering from a variety of mental health issues in an outpatient care setting, both in-person at its clinics nationwide and through its digital health telemedicine offering. The company employs psychiatrists, psychologists, psychiatric nurse practitioners, and licensed therapists throughout the US. LifeStance Health is an equal opportunity employer. We celebrate diversity and are fully committed to creating an inclusive work environment for all our employees. Show more Show less"
linkedin:3787723047,archive,2024-01-14,https://www.linkedin.com/jobs/view/department-manager-up-to-%2437-000-yr-at-mcdonald-s-3787723047,https://www.linkedin.com/jobs/view/department-manager-up-to-%2437-000-yr-at-mcdonald-s-3787723047,2024-01-19 14:39:52.158156+00,1,1,0,"Department Manager up to $37,000/yr",McDonald's,"Anderson, SC",2024-01-14,Anderson,United States,Manager Department,Mid senior,Onsite,"Customer service, Food safety, Inventory management, Training, Delegation, Reporting, Sales promotions, Service procedures, Kitchen management, Food quality, Food cost control, Production procedures, Crew hiring, Crew training, Crew scheduling, Performance recognition, Motivation, Restaurant management, Retail management, Hospitality management, Team work, Flexibility, Fun, Fastpaced environment, High School degree, College tuition assistance, English as a second language, Medical coverage, Dental coverage, Vision coverage, Service awards, Matching gifts program, Bonus potential","This job posting is for a position in a restaurant owned and operated by an independent franchisee and not McDonald’s USA. This franchisee owns a license to use McDonald’s logos and food products, for example, when running the restaurant. However, this franchisee is a separate company and a separate employer from McDonald’s USA. If you are hired for the job described in this posting, the franchisee will be your employer, not McDonald’s USA. Only the franchisee is responsible for employment matters at the restaurant, including hiring, firing, discipline, supervisions, staffing, and scheduling employees. McDonald’s USA has no control over employment matters at the restaurant. McDonald’s USA will not receive a copy of your employment application and it will have no involvement in any employment decisions, including whether you receive an interview for the job or whether you are hired. Description McDonald's Works for Me. I’m going places. I want a satisfying career with good benefits and great opportunities for advancement. I have a lot to offer and I want to grow. The Job for Me – Get a job that inspires your best and moves you forward. Choose your hours. Pursue your education. Build your skills and be yourself. The Team for Me – Our people want to say YES — to working with energy and purpose, finding new talent, providing coaching and direction, honing their leadership skills, and helping to run a business that serves up delicious food and feel-good moments. Does this sound like you? You’ll fit right in. The Company for Me – From here, you can go further than you thought possible. Reach your goals and build your future with college tuition assistance, valuable job training, and retirement benefits. Let’s talk. Make your move. Requirements Managers lead shifts every week, making sure customers get a fast, accurate, friendly experience every visit. But some managers also lead Departments. These managers’ responsibilities may include managing assigned Systems, like Training, Food Safety, and Inventory Management, setting goals, delegating tasks to their teams, following up, and reporting results back to their team and other managers. The Guest Service Department Manager’s responsibilities may include making sure Crew and Managers deliver a great customer experience, that sales promotions are done well, that all service staff are trained in service procedures, and that the Front Counter McCafé and Drive-Thru areas are organized for the best service. The Kitchen Department Manager’s responsibilities may include making sure the restaurant delivers great quality food to customers, and fast, that food is always safe, that food cost is controlled, and that all kitchen staff are trained in production procedures, including new items that are added to the menu. The People Department Manager’s responsibilities may include making sure the restaurant hires qualified crew, trains them well, and schedules them to meet restaurant sales and profit goals. This manager’s responsibilities may also include making sure Crew get off to a good start at the restaurant and that they are recognized and motivated throughout their time working there. Previous managerial experience is preferred, ideally within a restaurant, retail or hospitality environment. We’re looking for positive team players with flexible schedules who like to have fun, with the passion to work the famously fast paced McDonald’s environment. You must be 18 years or older to be a manager in our corporate owned and operated restaurants. Additional Info Along with competitive pay, a Department Manager at a McDonald's Corporate owned store is eligible for incredible benefits including: After 1 year of service, 1-week paid vacation. After 3 years of service, 2-weeks paid vacation. Education through Archways to Opportunity including opportunities to earn a High School degree, college tuition assistance and English classes as a second language Medical, dental and vision coverage Service awards Matching gifts program Bonus Potential This job posting contains some information about what it is like to work in a McDonald’s restaurant, but it is not a complete job description. People who work in a McDonald’s restaurant perform a number of different tasks every day, and this posting does not list all of the essential functions of this job. By applying to this position, I understand that I am applying to work at a restaurant that is owned and operated by an independent franchisee, not McDonald’s USA. I understand that this franchisee is a separate company and a separate employer from McDonald’s USA. Any information I provide in this application will be submitted only to the independent franchisee, who is the only company responsible for employment matters at this restaurant. I recognize that the independent franchisee alone will make all decisions concerning employment matters, including hiring, firing, discipline, supervision, staffing and scheduling. By applying for a job at a franchisee operated restaurant, I understand that the information I provide will be forwarded to the franchisee organization in order for that organization to reach out to me and process and evaluate my application. I acknowledge that McDonald’s USA will not receive a copy of my employment application and will have no involvement in any employment decisions regarding me, including whether I receive an interview or whether I am hired to work for the franchisee. I understand that I need to contact the franchise organization for information about its privacy practices. Show more Show less"
linkedin:3737832096,archive,2024-01-16,https://www.linkedin.com/jobs/view/sr-hardware-simulation-platform-engineer-chassis-controls-powertrain-at-tesla-3737832096,https://www.linkedin.com/jobs/view/sr-hardware-simulation-platform-engineer-chassis-controls-powertrain-at-tesla-3737832096,2024-01-19 09:45:09.215838+00,0,0,0,"Sr. Hardware Simulation Platform Engineer, Chassis Controls & Powertrain",Tesla,"Palo Alto, CA",2024-01-16,Alameda,United States,Processor,Mid senior,Onsite,,
linkedin:3806136981,archive,2024-01-17,https://www.linkedin.com/jobs/view/litigation-attorney-at-jobot-3806136981,https://www.linkedin.com/jobs/view/litigation-attorney-at-jobot-3806136981,2024-01-19 09:45:09.215838+00,0,0,0,Litigation Attorney,Jobot,"Mount Dora, FL",2024-01-17,Grand Island,United States,Tax Attorney,Mid senior,Onsite,,
linkedin:3769465536,archive,2024-01-14,https://www.linkedin.com/jobs/view/development-services-technician-at-county-of-san-joaquin-3769465536,https://www.linkedin.com/jobs/view/development-services-technician-at-county-of-san-joaquin-3769465536,2024-01-19 14:39:08.158402+00,1,1,0,Development Services Technician,County of San Joaquin,"Stockton, CA",2024-01-14,Lawton,United States,Reproduction Technician,Associate,Onsite,"Public relations, Planning and zoning, Building codes, Land use regulations, Surveying, Geometry, Mathematics, AutoCAD","Salary: $4,503.58 - $5,474.14/month Introduction This examination is being given to fill one vacancy in the Community Development Department and to establish an eligible list to fill future vacancies. Resumes will not be accepted in lieu of an application. A completed application must be postmarked or received online by the final filing deadline. NOTE: All correspondences relating to this recruitment will be delivered via e-mail. The e-mail account used will be the one provided on your employment application during time of submittal. Please be sure to check your e-mail often for updates. If you do not have an e-mail account on file, Human Resources will send you correspondences via US Mail. The Following Incentives And Bonuses May Beavailable For Eligible New Hires. Incentives And Bonuses Are Subject To Approval By Human Resources Vacation Accrual Rate : San Joaquin County vacation accrual rate consistent with the candidate's total years of public service. Sick Leave : Candidates leaving other employment may receive credit for actual non-reimbursable sick leave hours (up to 160 hours) from their last agency. Hours shall be subject to San Joaquin County's minimum sick leave cash out provisions. New Hire Retention Bonus : $2,000 upon completion of first year equivalent employment (2,080 hours) $1,000 upon completion of third year equivalent employment (6,240 hours) $3,000 upon completion of sixth year equivalent employment (12,480 hours) TYPICAL DUTIES Assists the public in interpreting a variety of planning and building codes and land use regulations; accepts and reviews land use applications; issues permits; receives complaints and directs the public to proper agencies. Assists in updating and maintaining the County Land Use Information System; issues addresses and building permits; collects and assembles data from various public and private sources. Prepares, revises, or updates maps and overlays based on existing maps, surveys, or legal descriptions of property or boundaries and land use zones. Interprets and explains land use requirements. Plots and records boundaries of individual parcels of property and land use zones. Prepares a variety of drawings, diagrams, charts, and maps for Planning Commission meetings; makes ink tracings from layouts of finished maps. May investigate zoning complaints; notifies property owners of violation; performs routine follow-up investigation to ensure compliance and notifies concerned parties of action taken; field checks areas and updates land use. Minimum Qualifications Note: Supplemental application must be submitted with employment application. Education : Completion of 60 semester (or 90 quarter) units from an accredited college or university with course work in planning, drafting, engineering, architecture, environmental health, architectural engineering, landscape architecture, geography, sociology, public administration, business, economics, ecology, or a closely related field. Experience : Two years of experience reviewing, tracking and processing building or land use permits in a public sector planning, building or related agency, OR performing construction, building, land use, or other work that required familiarity with, and the interpretation of, planning or building-related codes, ordinances and regulations. Substitution : Additional qualifying experience may substitute for the above-required education on a year-for-year basis, where one year of experience is considered equivalent to 30 semester (or 45 quarter) units. KNOWLEDGE The methods of conducting research and surveys requiring the collection, evaluation, and tabulation of data; principles and techniques of public relations; basic planning, zoning, and building codes, ordinances and regulations; basic principles of surveying; basic geometry. ABILITY Apply the basic principles and practices of planning and zoning administration; read, understand and interpret regulations, codes, and administration procedures; make mathematical calculations of moderate difficulty; establish and maintain effective working relationships with others; express oneself, clearly and concisely, both orally and in writing. Equal Opportunity Employer San Joaquin County is an Equal Employment Opportunity (EEO) Employer and is committed to providing equal employment to all without regard to age, ancestry, color, creed, marital status, medical condition, national origin, physical or mental disability, political affiliation or belief, pregnancy, race, religion, sex, or sexual orientation. For more information go to Equal Employment Opportunity Division (sjgov.org). Accommodations for those covered by the Americans with Disabilities Act (ADA): San Joaquin County complies with the Americans with Disabilities Act and, upon request, will consider reasonable accommodations to enable individuals with disabilities to perform essential job functions. Benefits Employees hired into this classification are members of a bargaining unit which is represented by SEIU Local 1021 . Health Insurance : San Joaquin County provides employees with a choice of three health plans: a Kaiser Plan, a Select Plan, and a Premier Plan. Employees pay a portion of the cost of the premium. Dependent coverage is also available. Dental Insurance : The County provides employees with a choice of two dental plans: Delta Dental and United Health Care-Select Managed Care Direct Compensation Plan. There is no cost for employee only coverage in either plan; dependent coverage is available at the employee’s expense. Vision Insurance : The County provides vision coverage through Vision Service Plan (VSP). There is no cost for employee only coverage; dependent coverage is available at the employee’s expense. For more detailed information on the County’s benefits program, visit our website at www.sjgov.org under Human Resources/Employee Benefits. Life Insurance : The County provides eligible employees with life insurance coverage as follows: 1 but less than 3 years of continuous service: $1,000 3 but less than 5 years of continuous service: $3,000 5 but less than 10 years of continuous service: $5,000 10 years of continuous service or more: $10,000 Employee may purchase additional term life insurance at the group rate. 125 Flexible Benefits Plan : This is a voluntary program that allows employees to use pre-tax dollars to pay for health-related expenses that are not paid by a medical, dental or vision plan (Health Flexible Spending Account $2550 annual limit with a $500 carry over); and dependent care costs (Dependent Care Assistance Plan $5000 annual limit). Retirement Plan : Employees of the County are covered by the County Retirement Law of 1937. Please visit the San Joaquin County Employees’ Retirement Association (SJCERA) at www.sjcera.org for more information. NOTE: If you are receiving a retirement allowance from another California county covered by the County Employees’ Retirement Act of 1937 or from any governmental agency covered by the California Public Employees’ Retirement System (PERS), you are advised to contact the Retirement Officer of the Retirement Plan from which you retired to determine what effect employment in San Joaquin County would have on your retirement allowance. Deferred Compensation : The County maintains a deferred compensation plan under Section 457 of the IRS code. You may annually contribute $18,000 or 100% of your includible compensation, whichever is less. Individuals age 50 or older may contribute to their plan, up to $24,000. The Roth IRA (after tax) is also now available. Vacation : Maximum earned vacation is 10 days each year up to 3 years; 15 days after 3 years; 20 days after 10 years; and 23 days after 20 years. Holidays : Effective July 1, 2017, all civil service status employees earn 14 paid holidays each year. Please see the appopriate MOU for details regarding holidays, accruals, use, and cashability of accrued time. Sick Leave : 12 working days of sick leave annually with unlimited accumulation. Sick leave incentive : An employee is eligible to receive eight hours administrative leave if the leave balance equals at least one- half of the cumulative amount that the employee is eligible to accrue. The employee must also be on payroll during the entire calendar year. Bereavement Leave : 3 days of paid leave for the death of an immediate family member, 2 additional days of accrued leave for death of employee’s spouse, domestic partner, parent or child. Merit Salary Increase : New employees will receive the starting salary, which is the first step of the salary range. After employees serve 52 weeks (2080 hours) on each step of the range, they are eligible for a merit increase to the next step. Job Sharing : Employees may agree to job-share a position, subject to approval by a Department Head and the Director of Human Resources. Educational Reimbursement Program : Eligible employees may be reimbursed for career-related course work up to a maximum of $850 per fiscal year. Eligible employees enrolled in an approved four (4) year College or University academic program may be reimbursed up to $800 per semester for a maximum of $1600 per fiscal year. Parking Supplemental Downtown Stockton: The County contributes up to $17 per pay period for employees who pay for parking and are assigned to work in the Downtown Core Area. School Activities : Employees may take up to 40 hours per year, but not more than eight (8) hours per month, to participate in their children’s school activities. Selection Procedures Applicants who meet the minimum qualifications will go through the following examination process: Written Exam : The civil service written exam is a multiple choice format. If the written exam is administered alone, it will be 100% of the overall score. Candidates must achieve a minimum rating of 70% in order to be placed on the eligible list. Oral Exam : The oral exam is a structured interview process that will assess the candidate’s education, training, and experience and may include a practical exercise. The oral exam selection process is not a hiring interview. A panel of up to four people will determine the candidate’s score and rank for placement on the eligible list. Top candidates from the eligible list are referred for hiring interviews. If the oral exam is administered alone, it will be 100% of the overall score. Candidates must achieve a minimum rating of 70% in order to be placed on the eligible list. Written & Oral Exam: If both a written exam and an oral exam is administered, the written exam is weighted at 60% and the oral exam is weighted at 40% unless otherwise indicated on the announcement. Candidates must achieve a minimum rating of 70% on each examination in order to be placed on the eligible list. Rate-out: A rate-out is an examination that involves a paper rating of the candidate’s application using the following criteria: education, training, and experience. Candidates will not be scheduled for the rate-out process. Note: The rating of 70 referred to may be the same or other than an arithmetic 70% of the total possible points. Testing Accommodation: Candidates who require testing accommodation under the Americans with Disabilities Act (ADA) must call Human Resources Division at (209) 468-3370 prior to the examination date. Veteran’s Points : Eligible veterans, unmarried widows and widowers of veterans of the United States Armed Forces who have been honorably discharged and who have served during wartime shall be given veteran’s points in initial appointment to County service. Eligible veterans receive 5 points and eligible disabled veterans receive 10 points. Disabled veterans must submit a recent award letter stating a 10% service connected disability issued by the United States Veterans Administration. Note: A copy of your DD214 showing the discharge type must be received in the Human Resources by the date of the examination. Acceptable Wartime Service Dates September 16, 1940 to December 31, 1946 June 27, 1950 to January 31, 1955 August 5, 1964 to May 7, 1975 Persian Gulf War, August 2, 1990, through a date to be set by law or Presidential Proclamation. Eligible Lists: Candidates who pass the examination will be placed on an eligible list for that classification. Eligible lists are effective for nine months, but may be extended by the Human Resources Director for a period which shall not exceed a total of three years from the date established. Certification/Referral: Names from the eligible list will be referred to the hiring department by the following methods. Rule of the Rank: The top rank orranks of eligibles will be referred for hiring interviews. The minimum number of names to be referred will be equal to the number of positions plus nine, or 10% of the eligible list, whichever is higher. When fillingnine or more positions in a department at the same time, the top rank or ranks will be referred and the minimum number of names shall be two times the number of positions to be filled or 10% of the eligible list, whichever is higher. This applies only to open competitive recruitments. Rule of Five: The top five names will be referred for hiring interviews. This applies only to department or countywide promotional examination. Rule of the List: For classifications designated by the Director of Human Resources, the entire eligible list will be referred to the department. Physical Exam: Some classifications require physical examinations. Final appointment cannot be made until the eligible has passed the physical examination. The County pays for physical examinations administered in its medical facilities. Pre-Employment Drug Screening Exam: Some classifications require a new employee successfully pass a pre-employment drug screen as a condition of employment. Final appointment cannot be made until the eligible has passed the drug screen. The County pays for the initial drug screen. Employment of Relatives: Applicants who are relatives of employees in a department within the 3rd degree of relationship, (parent, child, grand parent, grand child or sibling) either by blood or marriage, may not be appointed, promoted, transferred into or within the department when; They are related to the Appointing Authority or The employment would result in one of them supervising the work of the other. Department Head may establish additional limitations on the hiring of relatives by departmental rule. Proof of Eligibility: If you are offered a job you will be required to provide proof of U.S. citizenship or other documents that establish your eligibility to be employed in the U.S. How To Apply Apply Online: www.sjgov.org/department/hr By Mail Or In Person San Joaquin County Human Resources 44 N. San Joaquin Street Suite 330 Stockton, CA 95202 Office Hours Monday - Friday 8:00 am to 5:00 pm; excluding holidays. Phone: (209) 468-3370 Job Line For currentemployment opportunitiesplease callour 24-hour job line at (209) 468-3377. When a final filing date is indicated, applications must be filed with the Human Resources Division before 5:00 p.m. or postmarked by the final filing date. Resumes will not be accepted in lieu of an application. Applications sent through county inter-office mail, which are not received by the final filing date, will not be accepted. ( The County assumes no responsibility for mailed applications which are not received by the Human Resources Division) . San Joaquin County Substance Abuse Policy: San Joaquin County has adopted a Substance Abuse Policy in compliance with the Federal Drug Free Workplace Act of 1988. This policy is enforced by all San Joaquin County Departments and applies to all San Joaquin County employees. Equal Opportunity Employer : San Joaquin County is an Equal Employment Opportunity (EEO) Employer and is committed to providing equal employment to all without regard to age, ancestry, color, creed, marital status, medical condition, national origin, physical or mental disability, political affiliation or belief, pregnancy, race, religion, sex, or sexual orientation. For more information go to www.sjgov.org/department/hr/eeo . Click on a link below to apply for this position: Fill out the Supplemental Questionnaire and Application NOW using the Internet. Apply Online View and print the Supplemental Questionnaire. This recruitment requires completion of a supplemental questionnaire. You may view and print the supplemental questionnaire here. View and print the official application form as an Acrobat pdf file. A San Joaquin County application form is required for this recruitment. You may print this Acrobat PDF document and then fill it in. Contact us via conventional means. You may contact us by phone at (209) 468-3370, or by email, or apply for a job in person at the San Joaquin County Human Resources Division. Closing Date/Time: Open Until Filled Show more Show less"
linkedin:3645762689,archive,2024-01-16,https://www.linkedin.com/jobs/view/employment-attorney-with-relevant-experience-at-bcg-attorney-search-3645762689,https://www.linkedin.com/jobs/view/employment-attorney-with-relevant-experience-at-bcg-attorney-search-3645762689,2024-01-19 14:39:08.232594+00,1,1,0,Employment Attorney with relevant experience,BCG Attorney Search,"Flagstaff, AZ",2024-01-16,Arizona,United States,Lawyer Criminal,Mid senior,Onsite,"Employment Law, General Law, Attorney, Client Service, Litigation, Civil Litigation, Employment Management, Asset Protection, Tax, Intellectual Property, Trademarks, Patents, Employment Visas, Real Estate, Corporate Bankruptcy, Estate Planning, Criminal Defense, Appeals, Family Law, Bankruptcy, Immigration, Personal Injury, Medical Malpractice","Practice Area: Employment Law - General, Job Type: Attorney, Firm Type: Law Firm, Experience: 2 Years, Flagstaff office of a BCG Attorney Search Top Ranked Law Firm seeks employment attorney with relevant experience. The candidate will work full time in its non-traditional practice section. Will implement own legal experience and client service skills to solve a variety of legal problems each day via limited scope representation. This firms Flagstaff office offers legal counsel to entrepreneurs, investors and business owners on business and commercial legal matters including real estate, litigation, civil litigation, employment management, asset protection, tax, intellectual property, trademarks, patents, employment VISAs, real estate, and corporate bankruptcy matters. They are also experts in providing legal advice on estate planning, criminal defense, appeals, family law, bankruptcy, employment, immigration, personal injury, and medical malpractice issues to a wide variety of clients. Show more Show less"
linkedin:3806342219,archive,2024-01-17,https://www.linkedin.com/jobs/view/designer-i-at-us-tech-solutions-3806342219,https://www.linkedin.com/jobs/view/designer-i-at-us-tech-solutions-3806342219,2024-01-19 14:39:05.553528+00,1,1,0,Designer I,US Tech Solutions,"Miami, FL",2024-01-17,Coral Gables,United States,Tattoo Artist,Mid senior,Onsite,"Photoshop, Illustrator, InDesign, Typography, Color theory, Layout, Graphic design, Advertising, Marketing, Printing, Visual communication, Bachelor's degree in industrial/graphic/interactive design or Fine arts","Duration: 12 months contract, Full-Time Job Description: This position is responsible for leading planogram photography In addition to graphic design, contractor will also have planogram image production responsibilities. This entails: photographing individual products, and recording the SKU and description along with product photo in the Image Tool. Images are to be photoshopped and resized in final preparation for ad placement. Responsibilities: Responsible for the creative execution and development of materials including (but not limited to): store signage, direct mail, advertising, packaging, and circular. Designer II must have an advanced knowledge of Adobe Photoshop, Illustrator and InDesign and must have a solid background in design. The designer additionally must have demonstrated experience in graphic design disciplines, including an understanding of typography, color, layout and best practices for the web. She/he must be self-motivated, self-managed and a good communicator and collaborator. Experience: Minimum of 5 years creative experience within Advertising/Marketing. Minimum of 2 years at a senior design level bachelor’s degree in industrial/graphic/interactive design, Fine arts or equivalent work experience required Deep understanding and experience in graphic design disciplines including layout, color and typography Able to understand and incorporate type, color, printing, production and visual brand communication. Education: Bachelor’s degree in industrial/graphic/interactive design, Fine arts or equivalent work. About US Tech Solutions: US Tech Solutions is a global staff augmentation firm providing a wide range of talent on-demand and total workforce solutions. To know more about US Tech Solutions, please visit www.ustechsolutions.com. Recruiter Details: Name: Shanu Priya Email: shanu@ustechsolutionsinc.com Reference Id - 24-00858 Show more Show less"
linkedin:3806856954,archive,2024-01-16,https://www.linkedin.com/jobs/view/superintendent-process-engineer-at-nutrien-3806856954,https://www.linkedin.com/jobs/view/superintendent-process-engineer-at-nutrien-3806856954,2024-01-19 14:39:06.873327+00,1,1,0,"Superintendent, Process Engineer",Nutrien,"Augusta, GA",2024-01-16,Martinez,United States,Foundry Metallurgist,Mid senior,Onsite,"Safety, Production, Chemical Engineering, Process Engineering, Incident Investigations, Data Analysis, Process Safety Management, Data Historian, Lab Analysis, Root Cause Failure Analysis, Design Input, Design Review, Process Flow Diagrams, Piping and Instrumentation Diagrams, Standard Operating Procedures, Production Improvement, Reliability Improvement, Efficiency Improvement, Cost Improvement, Catalyst Changes, Ammonia, Fertilizer","At Nutrien, our purpose is Feeding the Future and we do so with safety, inclusion, integrity and results as our core values. Nothing is more important than sending our people home safe, every day. Nutrien is a leading provider of agricultural products, services, and solutions. With nearly 25,000 employees world-wide, we are the largest producer of potash (by capacity) and one of the world’s largest producers of nitrogen and phosphate. We also operate a leading agriculture retail network that services over 500,000 growers globally. We harvest the best. Diverse views and experience make us strong. We look for people who have a safety-first mindset, who are collaborative team players, who deliver on their commitments, act with integrity, and who support inclusion. Working at Nutrien will provide you an opportunity to help us raise the expectation of what an agriculture company can be and grow your career. This position reports into the General Manager Directs the Process Engineers, Senior Process Engineers, and supporting technical staff in making the Augusta Plant more profitable by providing engineering and technical support to capital projects and the production units. Responsible for identifying, investigating, and finding solutions to process opportunities for improved productivity, reliability, environmental and safety performance. Provides oversight of staff in formulating and executing specific process changes or improvements while meeting budget constraints. Works daily with Area Team members and in partnership with Area Operations Manager to accomplish plant objectives in the areas of Safety, Environmental, Quality, Reliability, Production, Efficiency, Cost Reduction and Innovation Performs and/or initiates engineering and technical studies to troubleshoot known plant problems, predict impending problems and to optimize plant operations in the above priority areas Performs and/or contributes to thorough process reviews. Hazard and Operability Studies (Hazops) and ""What If' analyses on current operations and on proposed changes to plant equipment, processes and systems via the plant Process Safety Management of Change (MOC) process Closely monitors real time and historical plant data from log sheets, data historian, lab analysis, walk through, etc. to detect abnormalities and to optimize plant operations Tracks and reports compressor / turbine/ pump! exchanger efficiencies, pressure drop surveys and catalyst evaluations Closely monitors quality of raw materials, process chemicals, catalysts, finished products and water treatment processes Performs and/or contributes to Root Cause Failure Analyses (RCFA) and incident investigations and completes assigned action items on schedule Ensures that Process Flow Diagrams (PFD's), Piping and Instrumentation Diagrams (P & ID's), Steam Balances and Standard Operating Procedures are complete and up-to-date Promotes and contributes to successful implementation of projects by providing accurate, timely and thorough design input / design review and by facilitating close coordination and communications with area personnel Performs month-end prill inventory checks and lost tons / reliability reports Identifies and facilitates implementation of production, reliability, efficiency and cost improvement opportunities Researches and evaluates industry technology advancements, other plant experiences and innovative ideas Ensures proper loading of vessels during catalyst, desiccant, packing and gauze changes Required Education and Experience BS Degree in Chemical, Mechanical or related engineering discipline Minimum of 5 - 10 years engineering experience in the chemical process industry Minimum of 6 years experience in ammonia or fertilizer industry Are you a good match? Apply today! Nutrien is an equal opportunity employer. We evaluate qualified applicants without regard to race, color, religion, sex, sexual orientation, gender identity, national origin, disability, veteran status, and other legally protected characteristics. This job will remain posted until filled. While we appreciate all applications we receive, only candidates under consideration will be contacted. Show more Show less"
linkedin:3806588517,archive,2024-01-15,https://www.linkedin.com/jobs/view/regional-sales-manager-mid-atlantic-at-alfasigma-usa-inc-3806588517,https://www.linkedin.com/jobs/view/regional-sales-manager-mid-atlantic-at-alfasigma-usa-inc-3806588517,2024-01-19 14:39:07.377973+00,1,1,0,"Regional Sales Manager, Mid-Atlantic","Alfasigma USA, Inc.","Charlotte, NC",2024-01-15,Ridgewood,United States,Director Of Religious Activities,Mid senior,Onsite,"Sales, Leadership, Mentoring, Communication, Coaching, Strategic Planning, Execution, Business Development, Team Management, Customer Relationship Management, Product Knowledge, Compliance, Regulatory, Pharmaceutical Sales, Management, Strategic Thinking, Decision Making, Talent Management, Excel, Word, Outlook, Database Applications, Bachelor's Degree, Business, Marketing, Life Sciences, CRM, Salesforce","Alfasigma USA, Inc. is seeking a Regional Sales Manager (RSL) for our Outside Sales Division to lead a team of sales representatives in our Northeast Region. The RSL is responsible for leading and managing all sales activities and overall performance of a group of Specialty Sales Consultants, within a defined geographic area. This also includes ensuring all sales reps are promoting to Healthcare Professionals (HCP's) in a compliant way for all Alfasigma products. The RSL provides strong leadership, mentoring and individual development for their field sales team to generate high performance within the assigned geography. The RSL develops and executes business plans for each territory under his/her control. The RSL conducts a high percentage of field visits in person, offering real-time coaching and providing verbal and written feedback on key sales competencies and the overall performance of all Specialty Sales Consultants within their team. Responsibilities include providing leadership, mentoring and development of field sales team in order to gain and grow profitable business within the assigned region. Demonstrates effective communication skills and sales performance analysis while utilizing strategic planning and execution to maximize individual and team performance. Provides guidance, coaching and empowerment while building a performance-focused and effective team. KEY RESPONSIBILITIES: Achieves organizational objectives through effective leadership of sales team. Demonstrates strong leadership skills, which includes an ability to pull-through the organizational vision, create team culture, manage Sales Consultant performance, develop and motivate people and teams. Demonstrates a clear and thorough understanding of the marketplace, relevant competitive products and disease states. Demonstrates a working knowledge of how to strategically shape the business and sets the model for the execution within the Region while operating within assigned budget. Leads the deployment and management of team across assigned geography while assuring the efficient and effective use of resources. Directs and effectively communicates to team the organizational sales strategies, key initiatives, and goals while supporting the team's execution to plan. Prioritizes and organizes the district's weekly account plans while facilitating the team's building of their individual territory strategies and action plans. Meets with individuals on the team regularly in the field, calling on accounts and reviewing account plans and strategies. Performs all management tasks including comprehensive analysis of geographic potential, business review of individual team member's territory as well as entire district, expense reports, and other projects and reports as assigned. Demonstrates core product's clinical attributes, forges valuable customer relationships and achieves sales quota. Explores and develops new relationships and effectively maintains existing relationships with key contacts and Key Opinion Leaders (KOL’s) across the customer base. Provides feedback on field interactions, successes, challenges, and developmental opportunities providing coaching, motivation, and support. Recruits, leads and develops individuals with the talent necessary to achieve competitive superiority in the market. Actively facilitates the growth and development of team members based on their needs, motivation and business requirements. In addition to coaching effective F2F calls, expectation to coach Remote Effective Call Selling {via approved company emails, phone calls, video calls} when F2F calls are restricted. Facilitates and monitors CRM (Customer Relationship Management) documentation of field performance and activity within regional accounts. Works collaboratively by serving as a resource and by leveraging the expertise of others. Serves as a role model for best-in-class Compliance and holds the Region accountable for Compliance by ensuring all practices within the Region are compliant with Alfasigma USA's Code of Conduct, PhRMA Code, PDMA Policies and Procedures and all other applicable laws, regulations, policies & procedures. REQUIREMENTS: Bachelor’s degree required; Business, Marketing or Life Sciences preferred Minimum 5 years of pharmaceutical sales experience with at least 3 years management experience Proven ability to build and lead high performance teams Ability to create and execute strategic business plans Product launch experience highly desirable Proficiency in Excel, Word, Outlook, and database applications Ability to travel up to 70% of the time with some overnight travel Should reside in territory geography or be willing to relocate Valid Driver's License and an acceptable driving record Ideal candidate to have knowledge and previous experience navigating the market landscape regarding HCP's, Pharmacies, and Health Systems The RSL is expected to demonstrate the following competencies while performing their responsibilities: Strategic Thinking & Execution Decision Making Talent Management Leadership Regulatory & Compliance Ideal candidates to be located within the greater Philadelphia area, VA, DC, MD, or NC and close to a major airport. WHO WE ARE: Alfasigma USA is the local affiliate of the Italian based pharmaceutical company, Alfasigma. Alfasigma is a leading Italian pharmaceutical company focused on prescription drugs, over-the counter (OTC) and nutraceutical products and has a presence in 90 countries. Alfasigma USA’s main goals are to improve the health and quality of life of patients by finding solutions to treat specific patient populations, expand our existing portfolio and bring new products into the US market. We strive to be a strong healthy company in a strong healthy world. Alfasigma USA is headquartered in Bedminster, NJ. with a manufacturing plant in Shreveport, LA., a remote mail order pharmacy call center and an established national salesforce. Alfasigma USA, Inc. offers: Comprehensive Compensation Package: Competitive base salary, depends on experience Annual bonus potential Comprehensive Benefits Package: Medical, Dental, 401K, Paid Time Off, and Tuition Reimbursement (etc.) are some examples New hires are eligible for medical and dental coverage on date of hire. Alfasigma USA, Inc. and its subsidiary, Brand Direct Health, L.L.C. (collectively the “Company”) is committed to a policy of Equal Employment Opportunity and will not discriminate against an applicant or employee on the basis of race, religious creed, religious observance, color, age, sex, sexual orientation, gender, gender identity, gender expression, genetic information, national origin, ancestry, marital status, medical condition as defined by state law (cancer and genetic characteristics), disability, military service, military and veteran status, pregnancy, childbirth and related medical conditions, or any other classification protected by federal, state, and local laws and ordinances. Applicants with disabilities may be entitled to reasonable accommodation under the terms of the Americans with Disabilities Act and certain state or local laws. A reasonable accommodation is a change in the way things are normally done which will ensure an equal employment opportunity without imposing undue hardship on the Company. Please email Human Resources at applicant@alfasigma.com if you need assistance completing any forms or to otherwise participate in the application process . Show more Show less"
linkedin:3702780359,archive,2024-01-15,https://www.linkedin.com/jobs/view/beauty-advisor-inside-sales-sally-beauty-03500-at-sally-beauty-3702780359,https://www.linkedin.com/jobs/view/beauty-advisor-inside-sales-sally-beauty-03500-at-sally-beauty-3702780359,2024-01-19 14:39:09.618801+00,1,1,0,Beauty Advisor (Inside Sales) Sally Beauty 03500,Sally Beauty,"Marysville, OH",2024-01-15,Marysville,United States,Counter Supervisor,Mid senior,Onsite,"Sales Associate, Beauty Advisor, Product recommendations, Customer service, Product knowledge, Communication skills, Inventory management, Physical stamina, Lifting heavy objects, Ability to work in fastpaced environment, Patience, Attention to detail, Ability to work in a team, Ability to work with customers, Ability to multitask, Time management, Problemsolving skills, Ability to meet deadlines, Ability to follow instructions, Ability to work independently, Ability to operate a cash register, Ability to use a computer","Overview SALLY BEAUTY ADVISOR: Job Description: By working at Sally Beauty, you would be part of the largest hair and beauty supplier in the world and we are on a mission to empower our customers to express themselves through hair – and we need passionate and talented people to make this happen!! The Sales Associate/Beauty Advisor will focus on one primary objective – creating a memorable shopping experience for our customers. We are continually searching for passionate beauty lovers that want to help our customer through their beauty experience. Whether assisting with hair color, cosmetics, skin care, or nails, we want you to be the advisor on our customer’s journey. It takes knowledge and training – which Sally Beauty will go above and beyond to provide. You bring your passion and personality – we will do the rest! Your role at Sally Beauty: Build relationships and inspire loyalty. Recommend additional and complimentary products. Inform customers of current promotions and events. Set up advertising displays and arrange merchandise to highlight sales and promotional events. Ensure our customers are informed about and enrolled in our Loyalty program. Complete transactions accurately and efficiently. Maintain a professional store environment and communicate inventory issues. Demonstrate our Sally Beauty Culture Values. We have a range of different working schedules and hours to suit everyone’s needs. Why you’ll love working here: The people are creative, fun and passionate about beauty. Generous product discount and free sample products. You will receive a great education regarding our products. You will have ample opportunity for growth. You may qualify for one or more of the following – medical, dental, vision, 401k, vacation, sick and holiday time depending on the average hours worked. Requirements: Legal wants you to know Must be able to lift up to 25 lbs, occasionally while on a ladder, with or without accommodation. May be exposed to fumes and odors upon occasion. Working Conditions/Physical Requirements The position requires some physical exertion such as long periods of standing; walking; recurring bending, crouching, stooping, stretching, reaching, or similar activities; recurring lifting of moderately heavy items such as shipment or record boxes. The position involves working around moving parts, carts, or machines, and may occasionally include exposure to irritant chemicals. Additional Information: Interested in this exciting challenge and always be in the know about the latest trends in hair and beauty? Yes? Then we would love to hear from you. “At Sally Beauty Holdings, we find beauty in diversity. Our inclusivity and self-expression are what fuel our innovation and growth. You are welcome here, and you can thrive here. We find beauty in YOU. Join us.” Qualified applicants will receive consideration for employment without regard to their race, color, religion, national origin, sex, or disability. SBH, Inc. is an Equal Opportunity Employer. In compliance with federal law, all persons hired will be required to verify identity and eligibility to work in the United States and to complete the required employment eligibility verification form upon hire. Starting at $13hr. depending on experience Show more Show less"
linkedin:3745397691,archive,2024-01-16,https://ca.linkedin.com/jobs/view/cibc-analyste-principal-int%C3%A9gration-des-clients-et-soutien-aux-ventes-grandes-entreprises-groupe-entreprises-montr%C3%A9al-bilingue-at-cibc-3745397691,https://ca.linkedin.com/jobs/view/cibc-analyste-principal-int%C3%A9gration-des-clients-et-soutien-aux-ventes-grandes-entreprises-groupe-entreprises-montr%C3%A9al-bilingue-at-cibc-3745397691,2024-01-19 14:39:10.337464+00,1,1,0,"CIBC | Analyste Principal, Intégration des clients et soutien aux ventes (Grandes Entreprises) | Groupe Entreprises | Montréal | bilingue",CIBC,"Montreal, Quebec, Canada",2024-01-16,Dorval,Canada,Occupational Analyst,Mid senior,Onsite,"Service à la clientèle, Communication interpersonnelle, Écoute thérapeutique, Expérience client (CX), Gestion de la relation clientèle, Operational Efficiency, Contrôles internes, Gestion de trésorerie, Gestion de projet, Gestion du temps, Gestion des priorités, Résolution de problèmes, Prise de décision, Adaptation, Créativité, Travail d'équipe, Collaboration, Communication écrite, Communication verbale, Compétences informatiques, Connaissance des produits et services bancaires, Connaissance des processus et procédures bancaires, Connaissance des réglementations bancaires, Gestion de risque, Gestion des budgets, Analyse financière","Nous bâtissons une banque axée sur les relations pour un monde moderne. Nous recrutons des professionnels talentueux et passionnés qui ont à cœur de faire ce qu’il faut pour nos clients. À la Banque CIBC, nous misons sur vos forces et vos ambitions pour vous donner le pouvoir d’agir. Les membres de notre équipe disposent de ce dont ils ont besoin pour apporter une contribution significative et être valorisés, à la fois pour ce qu’ils sont et ce qu’ils font. Pour en savoir plus sur la Banque CIBC, visitez le site CIBC.com/francais. Tâches du Titulaire En tant qu’analyste principal au sein de l’équipe Intégration des clients et soutien aux ventes (Grandes Entreprises), vous vous concentrerez principalement sur le soutien aux clients de votre portefeuille pour toutes les demandes de service et de soutien quotidiennes. Vous aurez la responsabilité d’intégrer avec succès les nouveaux clients des Services bancaires aux grandes entreprises et d’offrir du soutien après-vente aux clients des Services bancaires aux grandes entreprises, tant à l’interne qu’à l’externe. comprendre les besoins du client et assumer la responsabilité de la coordination et de l’exécution des demandes de solutions de gestion des comptes et de trésorerie, fournir des recommandations pertinentes au besoin tout en servant d’interface clé aux partenaires internes afin de faciliter les solutions qui répondent de façon proactive aux besoins des clients. Vous participerez activement au maintien des relations avec divers intervenants internes et externes en mettant l’accent sur la rationalisation et la simplification de l’expérience client. En tant que membre élargi clé de l’équipe Gestion relationnelle, vous contribuerez à renforcer les relations avec les clients, nouveaux et actuels, et contribuerez à stimuler la proposition de valeur de la Banque CIBC. Vous vous assurerez que toutes les interactions avec les clients et les intervenants internes contiennent des renseignements exacts et complets. Vous vous assurerez également que les relations avec les clients assignés impliquent des réponses rapides aux questions, demandes de renseignements ou problèmes afin de fournir le meilleur service de sa catégorie. À la Banque CIBC, nous vous offrons le meilleur environnement de travail qui soit pour vous permettre de vous accomplir dans vos fonctions. Tous les détails au sujet de votre mode de travail (répartition des jours sur place et des jours en télétravail) seront abordés au cours de votre entrevue. Comment réussir Service à la clientèle - En tant que membre à part entière de l’équipe de vente aux clients, agir à titre de principal point de contact pour une base assignée de grandes entreprises clientes pour les demandes de soutien général. Travailler en étroite collaboration avec les directeurs, Gestion relationnelle, les directeurs, Trésorerie et d’autres intervenants internes pour répondre aux demandes des clients. Travaillez directement avec les clients pour les aider à répondre aux questions et aux demandes les plus courantes sur des éléments tels que les demandes de renseignements sur les comptes, les droits aux comptes, les capacités des produits, les services et plus encore. Jouer un rôle d’encadrement, de mentorat et d’expert en la matière pour les nouveaux membres de l’équipe et les membres moins expérimentés de l’équipe de direction de soutien, au besoin. Soutien aux comptes – Coordonner les changements apportés aux renseignements sur les comptes et aux pouvoirs de signature, ainsi que les changements apportés aux produits de gestion de trésorerie existants. Repérer les occasions de vente croisée et de pénétration accrue/augmentation de la part de portefeuille des clients. Tenir un registre organisé des demandes pour mesurer l’état d’avancement des articles en suspens ou en retard et fournir aux clients et aux intervenants internes des mises à jour sur l’état d’avancement des demandes. Faire un suivi auprès des groupes internes sur les demandes en suspens pour veiller à ce que les articles en retard soient traités en temps opportun. Intégration – Coordonner et diriger les demandes qui impliquent l’intégration d’une nouvelle entité juridique pour les clients nouveaux et actuels de la Banque CIBC ainsi que la mise en œuvre de nouveaux produits de gestion de trésorerie. Fournir aux clients les documents requis à exécuter pour mettre en œuvre la ou les solutions de gestion des comptes et de la trésorerie demandées. Assurer un suivi et maintenir la communication tout au long de la transition avec tous les partenaires afin de s’assurer que les solutions des clients sont mises en œuvre en temps opportun et de manière transparente. Interpréter, valider et obtenir les renseignements nécessaires pour remplir les formulaires de mise en œuvre nécessaires pour les demandes des clients internes et externes. S’assurer que tous les documents obligatoires, comme les conventions juridiques relatives aux produits, et les documents signés sur le règlement de la limite de produit de paiement (avec preuve de crédit à l’appui) sont reçus avant de procéder à la transition. Vos attributs Vous avez développé une connaissance des produits et services de gestion de trésorerie, y compris les processus et les procédures nécessaires à la mise en œuvre des produits et services. Vous avez une connaissance de base des processus et des groupes de la Banque CIBC, de la Gestion de trésorerie en ligne, de l’eCIF et de la Facilité d’information de gestion (MIF), ainsi que des documents et des processus de préparation des comptes et de lutte contre le blanchiment d’argent. Vous avez de solides compétences en communication. Vous avez suffisamment de compétences en communication écrite et verbale pour fournir des renseignements clairs aux collègues et aux clients tout en transmettant des messages de complexité variable de façon professionnelle. Vous avez développé des relations interpersonnelles pour établir et entretenir des relations avec les clients, les partenaires d’affaires et les collègues. Vous avez la capacité de gérer plusieurs activités avec différents niveaux de complexité dans des délais serrés et sans erreurs. Vous avez un jugement, une prise de décision et des compétences en résolution de problèmes bien développés avec la capacité d’interpréter/adapter les procédures et/ou les approches aux problèmes ou aux préoccupations. Vous avez la capacité de générer des solutions et de décider rapidement des plans d’action, tout en atteignant les objectifs souhaités, dans le but de répondre aux besoins des clients et de renforcer la position de la banque en tant que leader du secteur. Les valeurs sont importantes pour vous. Vous vous intégrez au travail et vous incarnez nos valeurs : la confiance, le travail d’équipe et la responsabilisation. Vous êtes capable de servir les clients de la collectivité en français et en anglais. Ce que la Banc CIBC vous offre À la Banque CIBC, vos objectifs sont une priorité. En fonction de vos forces et de vos ambitions en tant qu’employé, nous nous efforçons de créer des occasions qui vous permettront d’exploiter votre potentiel. Notre objectif est de vous offrir une carrière, pas uniquement un chèque de paie. Nous nous efforçons de vous récompenser de façon personnalisée et pertinente, notamment en vous offrant un salaire concurrentiel, une rémunération au rendement, des avantages bancaires, l’adhésion à un programme d’avantages sociaux*, à un régime de retraite à prestations déterminées* et à un régime d’achat d’actions par les employés, des vacances, du soutien pour votre bien-être et Créateur de moments, notre programme social de reconnaissance basé sur des points. Grâce à nos espaces et à nos outils technologiques, il devient facile de réunir les grands esprits pour créer des solutions novatrices qui améliorent les choses pour nos clients. Nous favorisons une culture qui encourage l’expression de vos ambitions au moyen d’initiatives comme la journée Raison d’être, une journée de congé payé dont vous pouvez profiter pour investir dans votre croissance et votre perfectionnement. Sous réserve des modalités du régime et du programme Ce que vous devez savoir La Banque CIBC s’est engagée à créer un milieu de travail intégrateur où tous les membres de l’équipe et les clients se sentent à leur place. Nous recherchons des candidats dotés d’un large éventail de compétences et offrons une expérience accessible aux candidats. Si vous avez besoin d’une solution d’adaptation, écrivez à Mailbox.careers-carrieres@cibc.com. Vous devez être légalement admissible à travailler au Canada dans les lieux précisés ci-dessus et, s’il y a lieu, détenir un permis de travail ou d’études valide. Lieu de travail Montreal-1155 Rene Levesque Type d’emploi Permanent Heures de travail hebdomadaires 37.5 Compétences Amélioration de service, Communication interpersonnelle, Contrôles internes, Écoute thérapeutique, Expérience client (CX), Gestion de la relation clientèle, Operational Efficiency, Travailler de manière collaborative Show more Show less"
linkedin:3739810604,archive,2024-01-14,https://www.linkedin.com/jobs/view/site-supervisor-at-providence-medical-group-dayton-oh-3739810604,https://www.linkedin.com/jobs/view/site-supervisor-at-providence-medical-group-dayton-oh-3739810604,2024-01-19 14:39:28.448734+00,1,1,0,Site Supervisor,"Providence Medical Group, Dayton, OH","Germantown, OH",2024-01-14,Xenia,United States,Supervisor Inspection,Mid senior,Onsite,"Managerial skills, Clinical background, Medical Office experience, Handson Management, Organizational skills, People skills, Medical Assistant, LPN, RN","Your managerial abilities could be just what we need in this rewarding full-time opportunity! Providence Medical Group - Germantown is an established practice located in a brand new facility; as its Site Clinical Supervisor, you’ll play a vital role in our on-going success and the well-being of our patients. You’ll be working with an office staff and care team that is professional, dedicated and strives to put the patient first. If you have hands-on management experience in a doctor’s office or other medical environment, and have good organizational and people skills, we could benefit from your expertise! Must have a clinical background, Medical Office experience a plus. Could be an experienced Medical Assistant, LPN, RN, or related experience. This could be the ideal career opportunity you’re looking for — Providence Medical Group is a progressive organization offering superior benefits and competitive compensation in a supportive, professional work environment. Apply now, and we’ll respond promptly. We’re looking forward to meeting you! Show more Show less"
linkedin:3779848970,archive,2024-01-14,https://www.linkedin.com/jobs/view/office-manager-primary-care-at-hartford-healthcare-3779848970,https://www.linkedin.com/jobs/view/office-manager-primary-care-at-hartford-healthcare-3779848970,2024-01-21 06:01:12.764554+00,1,1,0,Office Manager - Primary Care,Hartford HealthCare,"Norwich, CT",2024-01-14,Windham,United States,Administrative Assistant,Mid senior,Onsite,"EMR, Epic, Billing, Coding, Customer service, Health insurance, Leadership, Management, Pediatrics, Scheduling, Supervision, Urgent care","Description Job Schedule: Full Time Standard Hours 40 Job Shift Shift 1 Shift Details Mon-Fri Work where every moment matters. Every day, almost 30,000 Hartford HealthCare employees come to work with one thing in common: Pride in what we do, knowing every moment matters here. We invite you to become part of Connecticut's most comprehensive healthcare network. Hartford HealthCare Medical Group is one of the largest medical practices in New England with multiple locations throughout Connecticut and Rhode Island. We consist of a team of professionals ranging from Medical Assistants to Physician Assistants and everything in between. Our physician led medical group enjoys an excellent reputation with patients and the medical community, offering primary care, urgent care and more than 30 different specialties. Job Description The role is responsible for the organization and coordination of office operations, procedures and resources to facilitate organizational effectiveness and efficiency. Provides day-to-day operational, technical and problem-solving leadership on administrative matters including, but not limited to: patient flow, office operations, customer service, health insurance, billing/coding requirements, and EMR functionality and utilization. Supervises the administrative and clinical staff and practice operations including scheduling, work flow, service delivery and employee performance. Qualifications Bachelor's Degree and/or appropriate certification preferred. 3 years’ experience in a medical/surgical practice required. Previous management/supervisory or leadership experience preferred. Epic experience preferred. Strong communications skills and experience in a leading role required Ability to improve quality and productivity by identifying improvement opportunities Knowledge and behaviors required to meet age specific patient needs (e.g. Pediatrics, Adolescents, and Geriatrics) preferred We take great care of careers. With locations around the state, Hartford HealthCare offers exciting opportunities for career development and growth. Here, you are part of an organization on the cutting edge - helping to bring new technologies, breakthrough treatments and community education to countless men, women and children. We know that a thriving organization starts with thriving employees-- we provide a competitive benefits program designed to ensure work/life balance. Every moment matters. And this is your moment. Show more Show less"
linkedin:3799704705,archive,2024-01-16,https://www.linkedin.com/jobs/view/ambassador-at-jeni-s-splendid-ice-creams-3799704705,https://www.linkedin.com/jobs/view/ambassador-at-jeni-s-splendid-ice-creams-3799704705,2024-01-21 06:01:12.95186+00,1,1,0,Ambassador,Jeni's Splendid Ice Creams,"Bethesda, MD",2024-01-16,Washington,United States,Goodwill Ambassador,Mid senior,Onsite,"Teamwork, Detailorientation, Cleaning, Stamina, Fastpaced environment, Customer service, Communication, Availability, Commitment, Cleanliness, Hygiene, Safety, Diversity, Law compliance","""In Bethesda, our Team Jeni's Ambassadors have the opportunity to earn an average of $26.93 per hour!* This is an estimate of hourly earnings. It is based on the 2024 base pay rate, plus 2023's hourly tip average. 2024 actual customer tips may vary. Jeni’s Splendid Ice Creams is searching for Ambassadors to join our Bethesda team. At Jeni’s, we’re devoted to making better ice creams and bringing people together. Our scoop shops are at the heart of how we serve this mission. They are where we offer the ice creams we work so hard to build from the ground up—where people come together to share joy and conversation. We love people. We love ice cream. We view ice cream as a form of art. Team Jeni’s Ambassadors are our part-time, front-line crew members. They scoop and serve ice cream to our customers, make waffle products, run the register, keep the shop clean, change out buckets of ice cream, and perform a number of other important, related tasks. As An Ambassador, You Will Serve the ice cream Time magazine calls “the best in America” Gain valuable real-world business and entrepreneurship experience Work in an environment oriented around serving each other and making people’s day Have opportunities for growth within a growing company Receive competitive compensation Qualities of an Ice Cream Ambassador (also known as a scoop shop employee): Exhibit passion for community, an eye for detail, a willingness to clean (a lot), stamina (to serve people in long lines), and the ability to work in a fast-paced environment Familiar with (and be able to articulate to customers) what distinguishes Jeni’s Splendid Ice Creams from other ice creams, and be able to articulate that to the 500th customer with the same care and presence as the 1st customer Available to work weekends, late nights (past 11 p.m.) Provide consistent, world-class service to every single customer Reliable, on time, and ready to hustle for every shift Committed to the well-being of their shop team, their community, and the environment around them About Jeni’s Splendid Ice Creams Founded by Jeni Britton in 2002, Jeni's Splendid Ice Creams is a B Corp headquartered in Columbus, Ohio, with scoop shops in over twenty cities across the country, making it possible for members of Team Jeni’s who are interested in developing their careers, or transitioning to a new city, to have meaningful opportunities to learn, grow, and explore. Our Ambassadors make a difference in their shop, their community, and in how they partner with their team and serve their customers. If this opportunity sounds delicious to you, please apply. While upholding rigorous safety and cleanliness standards has always been part of how we operate at Jeni's, due to Covid-19 we have added additional measures in our scoop shops to optimally support the safety and health of our employees and customers. Jeni's is an equal opportunity employer. Said our way, we love and honor differences, and we love sharing common values such as talent, hustle, guts, resilience, and empathy. Our differences are a primary source of our team's strength and we crave having a team rich with diversity which is creativity and art in its human form. UNDER MARYLAND LAW, AN EMPLOYER MAY NOT REQUIRE OR DEMAND, AS A CONDITION OF EMPLOYMENT, PROSPECTIVE EMPLOYMENT, OR CONTINUED EMPLOYMENT, THAT AN INDIVIDUAL SUBMIT TO OR TAKE A POLYGRAPH EXAMINATION OR SIMILAR TEST. AN EMPLOYER WHO VIOLATES THIS LAW IS GUILTY OF A MISDEMEANOR AND SUBJECT TO A FINE NOT EXCEEDING $100. Show more Show less"
linkedin:3800722967,archive,2024-01-16,https://www.linkedin.com/jobs/view/surgical-sales-representative-at-vantage-surgical-solutions-3800722967,https://www.linkedin.com/jobs/view/surgical-sales-representative-at-vantage-surgical-solutions-3800722967,2024-01-21 06:01:13.368912+00,1,1,0,Surgical Sales Representative,VANTAGE Surgical Solutions,"Albany, GA",2024-01-16,Georgia,United States,Handle Maker,Associate,Onsite,"Medical equipment sales, Ophthalmic industry knowledge, Customer relationship management, Contract negotiation, Strategic planning, SalesForce proficiency, Microsoft Office suite, Communication skills, Teamwork, Problemsolving, Decisionmaking, Customer service, Safe driving practices, Diversity awareness, Ethics, Planning and organizing, Professionalism, Cataract equipment","DUTIES AND RESPONSIBILITIES: Develop in-depth knowledge of product lines, market, competitive products, and other possible service lines for company expansion. Possesses and maintains thorough knowledge of ophthalmic industry information Build and maintain long-lasting, strong relationships with customers while partnering with them to better understand their business objectives and needs. Work closely with the Operations team to appropriately manage client relationships, including ""same-store"" expansion opportunities. Negotiates contracts and work agreements. Ensures that all required client paperwork is complete, accurate, and submitted on time. Maintain a professional presence while fostering a culture of accountability, professional development, high-performance, and ethical behavior. Develop and execute strategic plans, including individual goals and quotas, to achieve annual company sales targets to meet overall company growth objectives. Responds to all inquiries and requests in a timely and professional manner. Provides timely and accurate reports as required. Continually gathers information on local competition and prevalent industry and business climate within the region; communicates information to management and others as needed. Attends and participates in business/trade events that impact business unit upon request of management. Attends and participates in team strategic sales meetings Effectively communicate value propositions through visual presentations and contract proposals. Exhibits safe driving practices and maintains excellent driving record. Performs other related duties as assigned by management. QUALIFICATIONS: Bachelor’s degree or minimum of 5 years of sales experience in a healthcare, medical equipment, or ophthalmology sales environment. Basic computer operation experience with a strong working knowledge of Microsoft Office software programs (Word, Excel, Outlook, CSR) and proficient in SalesForce. Excellent written and verbal communication skills. Good judgement with the ability to makes timely and sound decisions. Creative and Flexible. Ability to work independently or as a member of various teams and committees. Organized, self-motivated, and proactive. Commitment to excellence and high standards. Problem solver and decision-maker who can handle multiple tasks in a timely manner. Professional, articulate communication, and excellent customer service skills. Ability to be empathetic and treat others with dignity. Demonstrated ability to make successful presentations to individuals and/or groups at all levels of an organization. Exhibit safe driving practices and maintain a safe driving record. Provide proper care of company vehicle, if provided. Maintain security and confidentiality of all company information. Able and willing to travel up to 50% of the time. COMPETENCIES: Diversity - Demonstrates knowledge of EEO policy; Shows respect and sensitivity for cultural differences; Educates others on the value of diversity; Promotes a harassment-free environment; Builds a diverse workforce. Ethics - Treats people with respect; Keeps commitments; Inspires the trust of others; Works with integrity and ethically; Upholds organizational values. Problem Solving--Identifies and resolves problems in a timely manner; Gathers and analyzes information skillfully; Develops alternative solutions; Works well in group problem solving situations; Uses reason even when dealing with emotional topics. Customer Service--Manages difficult or emotional customer situations; Responds promptly to customer needs; Solicits customer feedback to improve service; Responds to requests for service and assistance; Meets commitments. Motivation--Sets and achieves challenging goals; Demonstrates persistence and overcomes obstacles; Measures self against standard of excellence; Takes calculated risks to accomplish goals. Planning/Organizing--Prioritizes and plans work activities; Uses time efficiently; Plans for additional resources; Sets goals and objectives; Organizes or schedules other people and their tasks; Develops realistic action plans. Professionalism--Approaches others in a tactful manner; Reacts well under pressure; Treats others with respect and consideration regardless of their status or position; Accepts responsibility for own actions; Follows through on commitments. PHYSICAL DEMANDS AND WORK ENVIRONMENT: Regularly required to stand, walk, and sit. Continually required to talk or hear. Continually utilize visual acuity to operate equipment, read technical information, and/or use a keyboard. Occasionally exposure to bloodborne and airborne pathogens or infectious materials. Frequently required to drive short and/or long distances. Specialized equipment, machines, or vehicles used: Cataract equipment. BEHAVIORS: The focus of this job is making connections with people, motivating and inspiring them to achieve results. Poise and an engaging, empathetic communication style based on natural warmth and enthusiasm is the key to achieving the goals of this job. The work involves driving toward results by enrolling the commitment and buy-in of others. A sincere appreciation for people and how they are each uniquely motivated is the foundation for designing and implementing interactive communication and decision-making processes. Knowledge and skill in how to successfully influence and persuade others by understanding how their individual needs and motivations link to goals is essential. The job requires a high degree of “selling”, whether of ideas and policies within the organization, or products or services in the marketplace. The job environment is fast paced and results oriented. A self-confident, extroverted style that can enliven, engage and positively impact individuals and groups is essential. The job has variety of tasks and is dynamic and changing. Because goals and desired results can quickly change, the job requires regularly meeting and pro-actively establishing relationships with new groups. The ability to understand, quickly react and motivate others to adapt to the changing organization environment is a critical key to success. Show more Show less"
linkedin:3806801539,archive,2024-01-16,https://uk.linkedin.com/jobs/view/ct-technologist-at-host-healthcare-inc-3806801539,https://uk.linkedin.com/jobs/view/ct-technologist-at-host-healthcare-inc-3806801539,2024-01-21 06:01:14.166308+00,1,1,0,CT Technologist,"Host Healthcare, Inc.","Elsworth, England, United Kingdom",2024-01-16,Peterborough,United Kingdom,Radiation-Therapy Technologist,Mid senior,Onsite,"CT Technologist, Travel healthcare, Medical, Dental, Vision, 401(k), Compensation, Per Diem, Licensure, Certification, Liability, Equal Employment Opportunity","More about the job Host Healthcare is the #1 ranked travel healthcare company in the U.S. with an immediate option for this CT Technologist position in Elsworth, ME. Sign-up here to submit your application for this role or for more information about this role, contact a member of our team at [email protected] or (800) 585-1299. Estimated pay packages are based on bill rates at the time this job was posted. Bill rates can change frequently and without notice. Exact pay packages may vary based on guaranteed hours, distance being traveled, and customizations available to travelers. Why Choose Host Healthcare? Passionate and transparent team members have made Host Healthcare the agency of choice for new and experienced travelers looking for opportunities far away and close to home. Starting the day you apply, we’ll help you navigate each step of the process. Our recruiters act not only as your dedicated travel career mentor but also become your number one advocate. When you work with us, you can trust that we will help you with everything from travel, to housing, and acting as the liaison between you and the facility. Travel Happy With Host Healthcare! Some of the industry-leading benefits enjoyed by Host Healthcare travel nurses and travel allied healthcare professionals include: Access to thousands of jobs in every state in the U.S. and at all major healthcare facilities Day One Medical, Dental, and Vision with low premiums Keep your benefits for up to 30 days between assignments 401(k) matching available Personalized Compensation Packages The Highest Referral Bonus in the Travel Nursing and Allied Industry Paid, Private, Fully Furnished, Pet-Friendly Housing Dedicated Recruiter and 24/7 Customer Care Line Per Diem Allowance and Paid Travel Licensure and Certification Reimbursement Free Liability Coverage Voluntary Benefits: Critical Illness, Hospital Indemnity, Accident, and Pet Insurance Equal Employment Opportunity We are committed to provide unparalleled service and we will do whatever we can to ensure your assignment is as pleasant as possible. If you are interested in this position, please contact your recruiter and reference Job #1532920 Show more Show less"
linkedin:3270339955,archive,2024-01-14,https://www.linkedin.com/jobs/view/electrical-engineer-23-01066-at-espo-corporation-3270339955,https://www.linkedin.com/jobs/view/electrical-engineer-23-01066-at-espo-corporation-3270339955,2024-01-21 06:01:15.652901+00,1,1,0,Electrical Engineer 23-01066,ESPO Corporation,"Rockford, IL",2024-01-14,Belvidere,United States,Civil Engineer,Associate,Onsite,"Electrical Engineering, Motors, Sensors, Connectors, Cabling, Control methods, Product design, Proposal, Development, Verification, Product support, Program cost, Schedule, Performance requirements, Test equipment, Control system design, Circuit design, PWB layout, Software, EMI design, Throughput, Special assignments, Leadership skills, Communication skills, Aerospace design requirements, Control systems, Aerospace software development, Electronic circuit design, Certification testing, Labview software, MATLAB/Simulink software, Aerospace Configuration Management","Job Title: Electrical Engineer Location: Rockford Job Type and Duration: Direct Hire Pay rate: $80k - $100k/yr The Electrical Engineer is a challenging and critical position. This position is highly energetic requiring significant multi-tasking and exceptional communication skills across many aspects of the business. The Electrical Engineer will be responsible for the electrical aspects related to the product design including motors, sensors, connectors, cabling, control methods, etc. This individual will follow the product through the full product life cycle including proposal, design, development, verification, and product support. The Electrical Engineer, along with other key members, are responsible for ensuring that designs meet program cost, schedule, and performance requirements. SPECIFIC DUTIES Provide EE inputs for product design, including review/approve detailed piece part drawings. Provide EE technical support to manufacturing, suppliers, or customers. Knowledge of motor theory. Define, design, and support electrical test equipment for each product application. Define the scope of work and oversee the effort of EE technical specialists (control system design, circuit design, PWB layout, software, EMI design, etc.). Adhere to departmental procedures and standards to achieve highest quality of throughput. Participate on special assignments, and other duties as assigned by manager. MININUM QUALIFICATIONS B.S. in Electrical Engineering. Demonstrated leadership skills. Excellent written and oral communications skills. 5 to 7 Years of related experience. U.S. Citizen, no dual citizenship allowed. DESIRED QUALIFICATIONS Knowledge of Aerospace and FAA design requirements. Knowledge of control systems. Knowledge of aerospace software development. Knowledge of electronic circuit design and PWB layout. Knowledge of certification testing per DO-160 or MIL-STD-810. Knowledge of Labview software. Knowledge of MATLAB/Simulink software. Knowledge of Aerospace Configuration Management. Show more Show less"
linkedin:3802116488,archive,2024-01-14,https://www.linkedin.com/jobs/view/quality-engineer-aerospace-at-daher-3802116488,https://www.linkedin.com/jobs/view/quality-engineer-aerospace-at-daher-3802116488,2024-01-21 06:01:15.915893+00,1,1,0,Quality Engineer - Aerospace,DAHER,"Stuart, FL",2024-01-14,Florida,United States,Industrial Engineer,Associate,Onsite,"Quality Engineering, Quality Analysis, Root Cause Analysis, Corrective Action, Quality Plans, Failure Analysis, Material Review Board, Program Quality Engineering, Supplier Quality Assurance, First Article Inspection, Configuration Management, Program Management, Manufacturing Engineering, Production Planning, Industrial Engineering, Purchasing, Trend Analysis, Customer Quality Assurance, Corrective Action Databases, MES, MEDS, SAP, QSM, VWIs, Physical Demands, HandEye Coordination, Lifting and Moving, Full Range of Motion, Equal Access to Programs, Services and Employment, Americans with Disabilities Act","Take off with Daher! Are you motivated by the idea of joining this division of excellence? Do you want to participate in its transformation and growth in Stuart, FL? Join Daher to live a stimulating experience and share our pride in designing and manufacturing exceptional products! Daher is an aircraft manufacturer and an industry and service equipment supplier. Daher asserts its leadership in three main businesses: aircraft manufacturing, aerospace equipment and systems, logistics and supply chain services; With the stability provided by its family ownership, Daher has been committed to innovation since its creation in 1863. Today, present in 13 countries, Daher is a leader in Industry 4.0, designing and developing value-added solutions for its industrial partners. Daher is a story of men and women with a passion for what they do and complete control over their own futures. Now it’s your turn to write your own story. Apply today ! https://wd3.myworkdaysite.com/recruiting/daher/Daher/job/Stuart/Quality-Engineer_R104-2024 Job Description Responsibilities: Quality Engineer support and Quality analysis to the Production Teams and other internal organizations. Develops and evaluates QA processes, work instructions, site specific procedures, and recommends improvements to support the Continuous Improvement process for the site and division. Mentor of the Root Cause and Corrective Action process. Must possess root cause analysis and corrective action skills and must promote and mentor this methodology across his/her department, the programs he/she supports and across the other departments at the site and the division. Generates Quality Plans and assures that internal and external requirements are met for their assigned programs. Provides corrective action, trend analysis, and failure analysis documentation for products and processes. Performs as the Quality Representative of the Material Review Board (MRB). Leads root cause and corrective action efforts to preclude recurrence of non-conformances. Leads Corrective Action Board (CAB) for their assigned programs and in support of the site. Provides quality-engineering support and leadership to quality inspectors, operations personnel, Configuration Management, Program Management, Manufacturing Engineering, Manufacturing Planning, Liaison Engineering, Industrial Engineering, Purchasing and other groups in the organization. Will be exposed to company proprietary information. Provides sound Program Quality Engineering disciplines and acts as Quality Manager on his/her assigned program. As a minimum, the following core PQE responsibilities are to be performed and executed: Reviews and participates in BOEs and SOW review for new proposals for estimating Inspection, QE, NDI and FAI support hours for the job. Supports Supplier Quality Assurance Requirements Planning. Supports supplier, internal and customer (if required) FAI processes. Conducts FAI Planning for internal manufactured assemblies and/or details. Participates and supports the CDM CIMS Process as the Quality representative for his/her respective program(s). Quality approving authority of Production Planning Instructions to assure adequacy of planning documents to FAI Plans and incorporation of the required inspection points. Includes Customer Source Inspection Points if required by contract. Supports Operations, Engineering, PM and other functional groups by providing trend analysis and root cause analysis investigations in support of internal and external processes and products and documents the required corrective actions. Generates periodic program Quality metrics in support of his/her assigned program for internal reporting and customer reporting to include: Program Core Meetings, Site Reviews, Division Reviews, etc. by collecting, trending and reporting on Quality related issues/potential risks affecting his/her assigned program(s). Supports customer interface activities with customer’s Quality Assurance Representatives. Supports Customer Program Reviews and Customer visits for Quality Assurance to include customer audits. Champions corrective action efforts for both internal and external customers utilizing internal corrective action databases (i.e., CARTS, C-CARTS, and SPCARTS) as well as external customer corrective action databases. Effective communicator, leader and mentor of Quality Assurance principles. Leading and mentoring the other PQEs on matters involving their respective programs. Leading department training needs for PQE and inspection personnel (i.e., MES, MEDS, SAP, QSM and VWIs, Skills Training, BOE training, etc.). Supporting Management Level meetings in support of the Quality Director, when requested. Leading efforts involving the generation and collection of Quality metrics and other related data for the organization and providing any necessary training. Acting as Quality Director when his/her Director is out of office and taking responsibility for the department’s day to day activities to include the generation of status reports, approval of timecards, addressing any personnel issues and having full signature authority on behalf of the Quality Director. Additional Job Description Qualifications: BA/BS or equivalent and 10 years of experience in the quality field. Must possess root cause analysis and corrective action skills and must promote and mentor this methodology across his/her department, the programs he/she supports and across the other departments at the site and the division. PHYSICAL DEMANDS: The physical demands described here are representative of those that must be met by an employee to successfully perform the essential functions of this job. Reasonable accommodations may be made to enable individuals with disabilities to perform the essential functions. While performing the duties of this job, the employee is regularly required to use hands to finger, handle or feel. Must be able to communicate verbally and have the ability to hear. The employee frequently is required to stand, walk, reach with hands and arms, and stoop or crouch. The employee is occasionally required to sit. The employee must regularly lift and/or move up to thirty (30) pounds and occasionally lift and/or move up to fifty (50) pounds. Have full range of motion required to perform the job functions. Maintain steady hand-eye coordination. Reach in all directions and in potentially awkward positions. All applicants are considered for all positions without regard to race, religion, color, sex, gender, sexual orientation, pregnancy, age, national origin, ancestry, physical/mental disability, medical condition, military/veteran status, genetic information, marital status, ethnicity, alienage or any other protected classification, in accordance with applicable federal, state, and local laws. By completing an application with Daher, you are seeking to join a team of hardworking professionals dedicated to consistently delivering outstanding service to our customers and contributing to the financial success of the organization, its clients, and its employees. Equal access to programs, services, and employment is available to all qualified persons. Those applicants requiring accommodation to complete the application and/or interview process should contact an HR representative. Daher complies with the Americans with Disabilities Act (ADA), as amended by the ADA Amendments Act, and all applicable state or local law. Show more Show less"
linkedin:3732414071,archive,2024-01-14,https://www.linkedin.com/jobs/view/juice-barista-part-time-at-wis-international-3732414071,https://www.linkedin.com/jobs/view/juice-barista-part-time-at-wis-international-3732414071,2024-01-19 14:39:31.638303+00,1,1,0,Juice Barista Part Time,WIS International,"Southgate, MI",2024-01-14,Monroe,United States,Bartender,Mid senior,Onsite,"Juicing machine operation, Food safety, Food processing, Customer interaction, Lifting and pushing heavy objects, Standing bending kneeling and walking, Online and/or onthejob training, Ability to regularly lift 50+ pounds, Ability to stand bend kneel walk and move, Retail grocery warehouse environment, Exposure to cold refrigerated conditions food products and cleaning chemicals","Job Posting Overview Weekly Pay Flexible Schedule Fun Work Environment Career Advancement Opportunities Online and/or on-the-job training This part time associate produces, bottles/packages, and samples fresh items (Juice, Tortilla, Pineapple) within a Sam’s Club location.The Juice Barista is an active and physical role that is fast paced, constant motion, and regular customer interaction. Responsibilities Preparing oranges, operating the juicing machine, and packaging the product for purchase Maintaining and cleaning the juicing machine and other program items Ensuring compliance with all food safety requirements Qualifications Must be 18 years of age Weekends (Friday-Sunday) preferred; holidays & weekday work available Reliable access to a smartphone or tablet on days worked The ability to regularly lift 50+ pounds and push or pull a large commercial juicing machine The ability to stand, bend, kneel, walk, and move to perform the event for the entire shift We welcome applicants without a high school or college degree, have no experience or are returning to the workforce and/or have military experience. We provide comprehensive online and/or on-the-job training to get you working quickly. Work Environment Moderate to high noise levels associated with a retail grocery warehouse environment. Exposure to cold, refrigerated conditions, food products, and cleaning chemicals **A complete job description will be provided during the interview process. Salary Starting at $15.00 - $16.00 / hr Show more Show less"
linkedin:3802432316,archive,2024-01-16,https://ca.linkedin.com/jobs/view/assignment-coordinator-casual-at-paramed-home-health-care-3802432316,https://ca.linkedin.com/jobs/view/assignment-coordinator-casual-at-paramed-home-health-care-3802432316,2024-01-19 09:45:09.215838+00,0,0,0,Assignment Coordinator - Casual,ParaMed Home Health Care,"North York, Ontario, Canada",2024-01-16,North York,Canada,Prize Coordinator,Mid senior,Onsite,,
linkedin:3802593504,archive,2024-01-14,https://www.linkedin.com/jobs/view/travel-allied-health-professional-ct-technologist-at-aureus-medical-group-3802593504,https://www.linkedin.com/jobs/view/travel-allied-health-professional-ct-technologist-at-aureus-medical-group-3802593504,2024-01-19 14:39:09.772798+00,1,1,0,Travel Allied Health Professional - CT Technologist,Aureus Medical Group,"Hackensack, NJ",2024-01-14,White Plains,United States,Nuclear Medicine Technologist,Mid senior,Onsite,"CT Technologist, Computed Tomography, CPR/BLS, Basic Life Support, Travel Healthcare","Aureus Medical Group - Imaging is seeking a travel CT Technologist for a travel job in Hackensack, New Jersey. Job Description & Requirements Specialty: CT Technologist Discipline: Allied Health Professional Start Date: ASAP Duration: 6 weeks 40 hours per week Shift: 8 hours Employment Type: Travel Estimated payment breakdown ~$2552.00-$2712.00/wk* ~$1040.00-$1200.00 in weekly taxable income ~$26.00/hr-$30.00/hr* Estimate assumes an 8 hour shift. Hourly rate may change based on shift length. ~$1512.00 in non-taxable stipend* Actual amount subject to eligibility and seasonal/annual adjustments This 711-bed, level II trauma facility aims to help create and sustain healthy and vibrant communities through their well-rounded care. Located in northeast New Jersey, it is a short drive to major cities in both New York and New Jersey. The area will keep you entertained with breweries, charming shops, and many beautiful parks! Position: Technologist Specialty/Modality: Computed Tomography Licenses/Certifications: CPR/BLS (Basic Life Support) Physical Abilities: From 50-100lbs For the most prompt response, please APPLY ONLINE. As always, there is never a fee for candidates to utilize our services. Aureus Medical Group - Imaging Job ID #867-23-2541351. Pay package is based on 8 hour shifts and 40 hours per week (subject to confirmation) with tax-free stipend amount to be determined. Posted job title: CT TECH / COMPUTED TOMOGRAPHY TECHNOLOGIST About Aureus Medical Group - Imaging Rewarding Careers. Experiences of a Lifetime. At Aureus Medical Group®, we do more than connect you with a career opportunity. We help you create your ideal lifestyle. For more than 35 years we’ve helped healthcare professionals embark on journeys, scale mountains, and discover new spaces, places, and faces. We’re dedicated to your success, your dreams, and your adventures. As a travel healthcare professional with Aureus, you'll have the whole package - outstanding benefits, one-to-one personal service, 24/7 contact, and an recruiter who specializes in imaging. With thousands of available travel jobs across the country, we’re sure to have the right fit for you. When it comes to your career, Aureus will take you places. Let’s get started! Show more Show less"
linkedin:3687952455,archive,2024-01-14,https://uk.linkedin.com/jobs/view/staff-nurse-at-recruitment-panda-ltd-3687952455,https://uk.linkedin.com/jobs/view/staff-nurse-at-recruitment-panda-ltd-3687952455,2024-01-19 14:39:33.078029+00,1,1,0,Staff Nurse,Recruitment Panda Ltd,"Tavistock, England, United Kingdom",2024-01-14,Plymouth,United Kingdom,Christian Science Nurse,Mid senior,Onsite,"Nursing, Elderly care, NMC PIN","Staff Nurses I am appealing to your curiosity..... Would you like to know what it is like to work for an employer that values everything you do every day that you do it? Would you like to know what it is like to work for an employer that runs a family business and treats you like a member of that family? Would you like to know what it is like to work for an employer that supports you to give the very highest standards of care, good staff ratios and ongoing professional development? Would you like to work for an employer that supports flexible working around your personal commitments and can offer Part Time as well as Full Time hours, all working arrangements will be considered. If you are curious about these things and would like to know more please apply with your CV or get in touch for a confidential chat. All we are asking for is a current NMC PIN and experience in elderly care. Curiosity never killed the Nurse now did it? If you are a qualified nurse, based in the UK you are already halfway there. Please call or email to express your interest or apply with CV for priority attention. My name is Tim Roby, I am a Principal Consultant here at Recruitment Panda and you can reach me with any queries on 0161 250 5214. I look forward to telling you more and talking you through the next steps. Show more Show less"
linkedin:3752895025,archive,2024-01-16,https://www.linkedin.com/jobs/view/pediatric-critical-care-nurse-practitioner-needed-for-locum-tenens-coverage-at-facility-in-iowa-city-iowa-at-locumtenens-com-3752895025,https://www.linkedin.com/jobs/view/pediatric-critical-care-nurse-practitioner-needed-for-locum-tenens-coverage-at-facility-in-iowa-city-iowa-at-locumtenens-com-3752895025,2024-01-19 14:39:33.128171+00,1,1,0,"Pediatric Critical Care Nurse Practitioner Needed for Locum Tenens Coverage at Facility in Iowa City, Iowa",LocumTenens.com,"Iowa City, IA",2024-01-16,Amana Colonies,United States,Medical Physicist,Mid senior,Onsite,"Pediatric Critical Care, Nurse Practitioner, Locum Tenens, Combined Unit, PCICU, Arterial Puncture, Line Insertion, Central Venous Line Insertion, Endotracheal Intubation, CPNPAC, PALS, BLS, Prescriptive Authority, APP, Fellow Physician, Intensivist, Government, Malpractice Insurance, Paid Housing, Travel, Onboarding, 1099 Financial Consulting, Credentialing, Privileging, Licensing Assistance","A large children's hospital is seeking a pediatric critical care nurse practitioner for locum tenens coverage. Iowa City, Iowa, has plenty of enjoyable activities to offer. You can take a leisurely walk around the picturesque University of Iowa campus, visit the engaging Museum of Natural History, or explore the downtown Pedestrian Mall which is perfect for shopping, dining, and enjoying live music! This is for a combined unit. The current locum will only provide staffing assistance in the PCICU. Dates Needed: Ongoing Coverage Case Load/PPD: 7-14 Shift Type: Day Shift; Night Shift Assignment Type: Inpatient Assignment Duration: Locums Shift Times: 7a-7p, 7p-7a Procedures Required: arterial puncture/line insertion; central venous line insertion; endotracheal intubation Certifications Required: CPNP-AC; PALS; BLS Call Required: No Board Certification Required: Negotiable Prescriptive Authority Required: Yes Patient Population: Children Support Staff: Permanent staff--1 APP + 1 fellow physician + 1 intensivist 24/7; when staffing allows a 2nd APP will be staffed on day shifts. Government: No Reference ID: ORD-156308-NP-IA Contact: ksherer@locumtenens.com Your LocumTenens.com recruiter has the specialized knowledge and personal connections to source premier assignments while negotiating top pay on your behalf LT Online Experience gives you one-stop visibility into your past and future assignments, presents, time and pay, preferences, travel info and document storage LocumTenens.com provides paid malpractice insurance (A++), paid housing and travel, comprehensive onboarding, 1099 financial consulting, and credentialing, privileging, and licensing assistance Show more Show less"
linkedin:3805387781,archive,2024-01-15,https://www.linkedin.com/jobs/view/cable-installer-at-jobs-for-humanity-3805387781,https://www.linkedin.com/jobs/view/cable-installer-at-jobs-for-humanity-3805387781,2024-01-19 14:39:33.318034+00,1,1,0,Cable Installer,Jobs for Humanity,"Santa Claus, IN",2024-01-15,Indiana,United States,Cable Television Installer,Mid senior,Onsite,"Customer service, Installation, Troubleshooting, Communication, Problemsolving, Teamwork, Physical fitness, Ability to work at heights, Ability to lift heavy objects, Valid driver's license, Clean driving record, Ability to travel, Aptitude to build rapport, Ability to work in all weather conditions","Company Description Jobs for Humanity is partnering with DISH to build an inclusive and just employment ecosystem. Therefore, we prioritize individuals coming from the following communities: Refugee, Neurodivergent, Single Parent, Blind or Low Vision, Deaf or Hard of Hearing, Black, Hispanic, Asian, Military Veterans, the Elderly, the LGBTQ, and Justice Impacted individuals. This position is open to candidates who reside in and have the legal right to work in the country where the job is located. Company Name: DISH Job Description Department Summary Our Technicians deliver TV and Smart Home solutions to millions of customers. As a technician, we will train you to lead the charge for a world class customer experience, educating and connecting more Americans with every home you visit. You’re the backbone of our organization and ensure an excellent customer experience. Our dedication to customer experience is paying off: in 2023, DISH earned the J.D. Power award for being #1 in Overall Customer Satisfaction for the sixth year in a row. Job Duties And Responsibilities What’s in it for you? Guaranteed promotion after 6 months with a $1.00 per hour pay increase! Performance Incentives with the potential for up to $6,400 in your first year and $9,100 each following year! Paid training, paid time off & paid holidays 4-day work week with opportunities to work overtime Medical, Dental, Vision and Life Insurance packages and Health Savings Account Free DISH TV programming at a value of $114.99/month at your home, plus deeply discounted Sling TV and Boost Infinite phone plans 401(K) with company match & Employee stock purchasing program (ESPP) Tuition Reimbursement DISH-supplied van, tools, and uniforms Our greatest benefit is opportunity with over 400 of our current technician leadership starting as a technician. If you have grit and tenacity, you will grow quickly at DISH! Performance based promotions include an automatic 5% pay increase at level 2 and 10% at levels 3 and 4. What will you be doing? As a Field Technician, you will be representing DISH in customers' homes daily. We build our value by simplifying lives and using the DISH install to consult homeowners on their infinite smart home possibilities. Skills, Experience And Requirements All technicians must have: Aptitude to build rapport quickly. We want you to have a great time servicing our clients Ability to work at heights, including ladders up to 40 feet, and in all weather conditions Ability to lift over 70 lbs A valid driver's license in the state you are seeking employment with a driving record that meets DISH's safety standard Travel may be required Salary Range Compensation: $19.50/Hour Compensation And Benefits From versatile health perks to new career opportunities, check out our benefits on our careers website. Employment is contingent on successful completion of a pre-employment screen, to include a drug test and an acceptable driving record. Compensation listed may reflect a combination of hourly pay rate and location pay differential. This will be posted for a minimum of 3 days or until the position is filled. Show more Show less"
linkedin:3778107763,archive,2024-01-14,https://www.linkedin.com/jobs/view/permanent-physician-family-practice-at-comphealth-3778107763,https://www.linkedin.com/jobs/view/permanent-physician-family-practice-at-comphealth-3778107763,2024-01-19 14:39:33.371145+00,1,1,0,Permanent | Physician Family Practice,CompHealth,"Modesto, CA",2024-01-14,Modesto,United States,Family Practitioner,Mid senior,Onsite,"Urgent care experience, Board certified, $285000 $332000 salary, Relocation assistance, 3 4 shifts per week, Send CV to Abby.porzio@comphealth.com, San Francisco, CompHealth, Less than 2 hours from San Francisco","This position is in an excellent area where major cities, wineries, national parks, and skiing are all just a drive away. It is in the Central Valley, 68 miles south of Sacramento and 90 miles north of Fresno. With exceptional school options and affordable housing, this is a great place to relocate with family. Let us help you get the job you want in a community that you will love. Get paid what you deserve, practice medicine the way you want, in a setting that allows you to thrive. Experience the CompHealth difference. Contact CompHealth today to learn more about the compensation packages, benefits, and unique perks this position has to offer. Contact Abby Porzio abby.porzio@comphealth.com 203-663-9357. Physician-owned; shareholdership available $285k - $332k salary $20k sign-on bonus; relocation assistance 3 - 4 shifts per week Must be board certified; residents are welcome to apply Must have some urgent care experience Less than 2 hours from San Francisco Send your CV to Abby.porzio@comphealth.com to apply Our services are free for you We help negotiate your salary and contract We coordinate interviews and help with licenses Specialized recruiters match your career preferences Experienced support teams take care of every detail Salary from $285000.00 to $332000.00 annually Ranges shown should be used as an estimate and are affected by many factors including the critical need of the position, your overall experience and qualifications, and other considerations. Please reach out to your consultant for more information. Show more Show less"
linkedin:3793217319,archive,2024-01-16,https://www.linkedin.com/jobs/view/lead-based-loan-originator-at-certified-mobile-notary-service-3793217319,https://www.linkedin.com/jobs/view/lead-based-loan-originator-at-certified-mobile-notary-service-3793217319,2024-01-19 14:39:33.567988+00,1,1,0,Lead Based Loan Originator,Certified Mobile Notary Service,"Seattle, WA",2024-01-16,Summit,United States,Handle Maker,Mid senior,Onsite,"NMLS license, Encompass, Mortgage industry experience, Computer and Internet, General office environment, Lifting and bending, AUS, Credit, Title, Appraisal, Flood, VOE, Fee worksheet, Total Cost Analysis presentation, Prequalification letter, Supporting docs, eFolder, Disclosures, Loan structure, Income calculation worksheet, Processor, Closing Coordinator","Certified Mobile Notary Service (Apply with Get.It is seeking for someone to fill the position of a Lead Based Loan Originator to work virtually in the U.S. Overview The Lead Based Loan Originator bring depth and value, providing superior support to our originators and a world class experience to valued borrower clients. JOB TYPE: Full-time Responsibilities Handle the client from lead hand-off to processing. This is done by preparing needs lists and reviewing the CD with each of your clients. Responsible for managing loans from multiple Originators. Host a buyer consultation call/meeting- get as many details as possible regarding employment, income, asset, etc. Review 1003 for completeness. Review loan in detail - make needs list and notes for client. Structure loans in Encompass. Order services: Credit, Title, Appraisal, flood, VOE, etc. Run AUS. Pre-qualify: Calculate the income, review (and understand) income and asset documents. Calculate the max purchase price, as well. Set up a fee worksheet and/or Total Cost Analysis presentation. Send a Pre-qualification letter to the client, Realtor, and/or Builder. Choose loan templates based on credit score/scenario. Request supporting docs and follow up. Organize supporting docs in Encompass eFolder. Update 1003 based on collected supporting docs. Receive contract(s): enter details into Encompass. Request disclosures and re-disclosures. Lock loans. Set up final loan structure. Complete final income calculation worksheet. Submit the loan to the Processor. Communicate status updates to the client, Realtor, and/or Builder. Assist the Processor and Closing Coordinator with any borrower needs. Qualifications Active NMLS license. Proficient with Encompass. 3/+ years of mortgage industry experience is preferred. Key Attributes Confident decision maker. Solutions focused. Detail oriented. Critical thinker. Intensely passionate about great client service. Competitive spirit and disposition. Clear, confident communicator. Innate sense of professionalism with a matching work ethic. Sense of urgency and lack of timidity. Quick study (comfortable with new methods and applications). Maintains other life/personal interests. JOB REQUIREMENTS: Computer and Internet. PHYSICAL DEMANDS/CONDITIONS: General office environment. Some lifting and bending required. PAYMENT: $85.00-$200.00 per loan signing appointment SIGN UP TODAY IF YOU WANT TO GET MOBILE NOTARY SIGNING JOBS! What do we offer for Mobile Notary Signing Agents? Go to Apply with Get.It to find out! Please give us a call at (405) 568-7539 if you would like to discuss the notary marketing options. To expedite your registration submission, you can simply register online by selecting the right options on your application that you are seeking for your notary business. Please reference agent ID CMNSROXANNAG whenever you call or sign up on your application. Best regards, Roxanna Gadjieva Notary Marketing Specialist New Notary Certification Department Certified Mobile Notary Service Tel: 1 (405) 568-7539 Apply with Get.It Employment Type: Contractor Show more Show less"
linkedin:3785648235,archive,2024-01-14,https://www.linkedin.com/jobs/view/customer-service-representative-at-david-s-bridal-3785648235,https://www.linkedin.com/jobs/view/customer-service-representative-at-david-s-bridal-3785648235,2024-01-19 14:39:34.270117+00,1,1,0,Customer Service Representative,David's Bridal,"Maple Shade, NJ",2024-01-14,Winslow,United States,Service Representative,Mid senior,Onsite,"Customer service, Communication, Problem solving, Phone skills, Conflict resolution, Systems usage, Inventory management, Sales promotions, Visual updates, Cash wrap, Alterations, Product knowledge, Relationship building, Education","BEST. JOB. EVER! Minimal weekday hours required (join for weekends only!) Generous Team Member discount $400 bonus for every referral hired with NO LIMIT* Competitive hourly pay rates & team bonus Get Paid Early! Additional terms and conditions apply. At David’s Bridal, we empower our customers and our employees to stay true to their dreams and find the one, whether that means the wedding dress that matches a personal style—or the career that is a perfect fit. Join a company that dominates the products in their category – 1 out of 3 being sold by them and taking care of them with one of the highest customer service scores in retail! We make dreams happen—apply today! The Customer Service Representative (CSR) is responsible for interacting with all customers, maintaining a friendly, positive, authentic, empathetic, and professional approach, to deliver a consistent Five-Star Customer Service Experience. The CSR reports to the Store Manager, in partnership with the Operations Supervisor/Manager. The CSR supports the welcome desk, cash wrap, systems/processes, inventory management, and daily routines to ensure the store is foundationally excellent and that the customer has an exceptional shopping experience. Essential Job Functions Welcome all customers with genuine, and friendly enthusiasm over the phone, virtual chats and in person, communicate clearly and concisely by adapting your style to suit the customers by problem solving, excellent phone skills and resolving conflict. Use all systems to manage the customer flow to deliver Five-Star Customer Service experience. Maintain all service vows which include Being Prepared, Welcoming, ability to Meet the Needs & Be There for all customers, including all operational checklist task and meeting customers emotional and practical needs. Responsible for providing an exceptional service experience to multiple customers at one time and contribute to the store achievement of Five-Star Customer Service. Proactively address customer concerns with confidence. Know when to escalate and partner with leadership team. Communicate how alterations can play an important role in perfecting the dress for her event in partnership with Alterations. Promote all alteration services and personalization options. Maintain store-standards to support a flawless shopping experience. Maintain a high standard of dress to meet the Dress Code policy. Respond promptly to all customer questions providing product and service information. Build and maintain long-term relationships to meet and exceed customer satisfaction and loyalty. Engage in the inventory management procedures by processing orders, receiving, and ensuring first quality standards for all merchandise. Support all cash wrap behaviors and processes transactions with accuracy to make every customer feels celebrated. Assist with all sales promotions and visual updates. Other duties as assigned. Physical Demands While performing the duties of this job, the employee is occasionally required to stand, walk, and sit for extended periods of time; reach for tools and objects with hands and arms; climb stairs; stoop, kneel, crouch, or crawl; and talk to and hear customers . The employee must occasionally lift to 25 pounds. The employee must be able to see up close and at a distance, as well as use peripheral vision and depth perception, and be able to look at, read, and use a computer, electronic devices, and phones for long periods of time. Education & Credentials High school diploma or an equivalent degree or 1 -2 years prior retail experience in an apparel, service, or specialty store environment. Now that we’ve popped the question, please say “I do”. Part Time Benefits Include – Rewarding Environment and Competitive Pay Team Bonus Dayforce Wallet – Get Paid Early! Generous Team Member Discount After First Pay Period Vision Care Supplemental Insurances- Critical Illness, Hospital Indemnity and Accidental Injury 401K Program Discount for Identity Theft Protection Discounts for Home and Auto Insurance Discounts for Mobile Legal Benefits (MetLife Hyatt Legal Plans) Pet Insurance Love wins when love is for Everyone! Our mission at David’s Bridal is to embrace the ideas of Diversity, Equity, and Inclusion. It is our goal to build a workforce that is as representative as the customers we serve. We vow to create a culture where all forms of diversity are celebrated and seen as valuable. Disclaimer The preceding job description has been designed to highlight the general nature and level of work performed by employees within this classification. It is not designed to contain or be interpreted as a comprehensive description of all duties, responsibilities and qualifications required of employees assigned to this job. Actual duties and responsibilities will vary. Show more Show less"
linkedin:3787583796,archive,2024-01-14,https://www.linkedin.com/jobs/view/registered-nurse-ii-acute-care-at-bassett-healthcare-at-health-ecareers-3787583796,https://www.linkedin.com/jobs/view/registered-nurse-ii-acute-care-at-bassett-healthcare-at-health-ecareers-3787583796,2024-01-19 14:39:34.685084+00,1,1,0,"Registered Nurse II, Acute Care at Bassett Healthcare",Health eCareers,"Cooperstown, NY",2024-01-14,Herkimer,United States,Nurse Practitioner,Mid senior,Onsite,"Nursing, Patient Care, Care Planning, Clinical Problem Solving, Leadership, Quality Improvement, Research, Data Collection, Advocacy, Communication, Teamwork, Multitasking, Attention to Detail, Physical Strength, BLS Certification, ACLS Certification, PALS Certification, RN License, Associate Degree in Nursing, Vocational/Technical Diploma in Nursing, Bachelor's Degree in Nursing, Experience as an RN","The best thing about this role Are you looking to make a difference by improving the health of our patients? Here you will find an innovative culture that is patient-focused and dedicated to making a difference. We are committed to helping the population we serve, and our communities, achieve optimum health and enjoy the best quality of life possible. Recently named a Forbes America's Best-In-State Employer 2022! What you'll do The Registered Professional Nurse II, Acute Care will work Full Time, Days and will be accountable for the delivery of safe patient care utilizing the nursing process. The RN assesses, plans, delivers, coordinates, integrates, and evaluates nursing care related to patients needs. The RN contributes to the support of patients through interdisciplinary teamwork. The RN I status and job description is only appropriate for a new nurse in the first year of practice, as support from others in incorporated into this role as an expectation. Therefore, all RN I's are expected to complete the requirements of the Nurse Residency program and complete the application and credentialing process for successful advancement to RN II by 12-15 months after hire. RNS II through IV are accountable to assure that the care provided is consistent with applicable standards, regulations, statutes and state, federal law. RNs II and IV serves as a resource for other staff and clinicians as required. The Registered Nurse provides nursing care and services to patients throughout the life span and in various settings consistent with educational preparation. Collects, analyzes and records relevant patient health data accurately, with no more than 3-5 exceptions, as measured by random supervisory chart review and/or direct supervisory observation and co-worker feedback. The Registered Nurse analyzes assessment data to identify patient problems, with no more than 2-3 exceptions, as measured by random supervisory chart review and/or direct supervisory observation. Identifies expected outcomes individualized to the patient, with no more than 2-3 exceptions, as measured by random supervisory chart review and/or direct supervisory observation. The Registered Nurse develops a plan of care that describes interventions to attain expected outcomes, with no more than 2-3 exceptions, as measured by random supervisory chart review and/or direct supervisory observation. Implements and records interventions appropriate to diagnosis or patient problem, with no more than 3-5 exceptions, as measured by random supervisory chart review and/or direct supervisory observation. The Registered Nurse evaluates the patient's progress toward attainment of identified goals, with no more than 2-3 exceptions, as measured by random supervisory chart review and/or direct supervisory observation. Adheres to approved, research-based practice standards, with no more than 2-3 exceptions, as measured by direct supervisory observation and random supervisory chart review. Directs and supervises patient care provided by LPNs and support personnel 100% of the time according to department guidelines, as measured by co-worker feedback and managerial observation. Demonstrates consideration of safety, effective utilization of equipment and materials, and cost in managing patient care, as measured by direct supervisory observation and co-worker feedback. Acts effectively as charge nurse, group leader or preceptor when assigned, as determined by co-worker or preceptee feedback and direct managerial observation. The Registered Nurse writes a progress note that demonstrates an understanding of the patient's status and progress towards achievement of goals (80-90%). Ability to function in charge nurse or leadership capacity as determined by practice arena. Advocates for patients to ensure that care preserves and protects the patient's autonomy, dignity and rights. Delivers care in a non-judgmental and non-discriminatory manner that is sensitive to patient diversity, 100% of the time, as measured by no significant, substantiated patient or peer complaints received by the manager/supervisor. Assures that patients have informed consent signed for indicated procedures, 100% of the time, as measured by random supervisory chart review. Acts on behalf of patients in an ethical manner 100% of the time, as measured by co-worker and patient feedback and managerial observation. Adheres to ANA Code of Ethics for Professional Nurses. Acquires and maintains current knowledge and skills in his or her area of practice. Provides proof of current licensure validation to supervisor. (To achieve excellence, one must do this in a proactive, timely manner prior to due date). Completes required unit credentialing according to departmental policy by providing documented evidence of completion to supervisor. Provides to supervisor evidence of completion of all required training and competency validation. (To achieve excellence, one must take personal responsibility for this task and complete by the due date). Participates in level appropriate number of hours of educational activity, according to pathway, related to job function annually and provides documented evidence of attendance or activity to supervisor. Demonstrates clinical problem-solving ability through written exemplar, patient/family feedback, co-worker report or direct managerial observation. Participates in quality improvement processes for the department and institution as assigned and as measured by supervisory observation. Participates in nursing research. Commits to an attitude of inquiry, research based practice, and the advancement of nursing science as observed by managerial observation. Helps to identify clinical problems requiring investigation as measured by co-worker feedback and managerial observation. Assists in the collection of data within a structured format as measured by co-worker feedback and managerial observation. Partners with senior nurses to use research findings in clinical practice as measured by co-worker feedback and managerial observation. Performs other duties as requested and observed by supervisor or manager. What we need from you Education: 2 Year Associate degree in Nursing, required. Vocational/Technical Diploma from a Professional Nursing Program, required. 4 Year Bachelors degree in Nursing, preferred. All RN's hired and do not currently hold a BSN will be expected to demonstrate enrollment in a bachelor's prepared nursing program within 4 years of hire. BSN must be obtained within 10 years. Experience: At least 1year experience as an RN, if experience is not relevant, RN II must complete RN residency program, required. License/ Certification: Current NYS license as a RN, required. BLS certification required. ACLS certification required. PALS Certification required. Skills: Leadership Clinical Skills Multi-Tasking Attention to Detail Advocacy Adaptability Physical Requirements: Medium Work - Exerting up to 50 lbs. for force occasionally, and/or up to 2 Compensation Information $0.0 / - $0.0 / Starting At: 0.0 Up To: 0.0 Show more Show less"
linkedin:3668709907,archive,2024-01-16,https://www.linkedin.com/jobs/view/endodontist-at-sonrava-health-3668709907,https://www.linkedin.com/jobs/view/endodontist-at-sonrava-health-3668709907,2024-01-19 14:39:34.81272+00,1,1,0,Endodontist,Sonrava Health,"Gainesville, FL",2024-01-16,Gainesville,United States,Endodontist,Mid senior,Onsite,"Endodontist, Dental Care, Dental Specialist, Dental License, Endodontic Certificate, Professional Liability Insurance, Healthcare Benefits, CPR Certification, National Provider Identifier (NPI), Drug Enforcement Administration (DEA) Certificate","We are seeking a Board Eligible or Board-Certified Endodontist for our offices in Florida. This is a fantastic opportunity for the right Endodontist! At Sonrava Health, we are a Dental Home providing a lifetime of services for our patients. Endodontists, like you, support this idea by providing treatment in our fully-equipped dental facilities along with trained support staff. At Sonrava Health, we have a variety of Corporate Support Departments including Billing, Quality Management, Procurement/Facilities, Human Resources, and IT to provide you and the offices you work at administrative and technological support. In the field, our clinical and operational management teams work to ensure your days are scheduled efficiently so you can maximize your production. We offer a consistently, fully booked patient schedule. Our Endodontists are expected to Partner with other specialists and general dentists to provide the best optimal dental care Be able to travel to various dental practices in your area We offer Immigration Sponsoring Programs including OPT, H-1B, TN, and Green Card in select regions. We offer our Endodontists Guaranteed Daily Base Rates plus lucrative incentive programs Part time positions available, including 1099 options Company Paid Professional Liability Insurance Company Paid CE courses 401(k) Healthcare benefits for full time providers We'll need you to provide Current Dental License for the state in which you wish to practice Endodontic Certificate from an accredited U.S. Dental University Current CPR Card NPI Number DEA Certificate Show more Show less"
linkedin:3792787260,archive,2024-01-14,https://www.linkedin.com/jobs/view/senior-personal-banker-at-minnesota-bank-trust-a-division-of-htlf-bank-3792787260,https://www.linkedin.com/jobs/view/senior-personal-banker-at-minnesota-bank-trust-a-division-of-htlf-bank-3792787260,2024-01-19 14:39:35.029729+00,1,1,0,Senior Personal Banker,"Minnesota Bank & Trust, a division of HTLF Bank","Edina, MN",2024-01-14,Minneapolis,United States,Teller,Mid senior,Onsite,"Teller operations, Consumer loan origination, Sales and service, Needsbased selling, Consumer loans, Home equity loans, Credit cards, Certificates of deposit, Individual Retirement Accounts (IRAs), Health Savings Accounts, Business relationship customers, Microsoft Office, Windows, Ten key calculator, Federal Deposit Insurance Act Sec. 19, National Mortgage Licensing System License, High school diploma or GED, Bachelor's degree, Sales and customer service experience, Teller or cash handling experience, Consumer loan experience, High attention to detail, Team environment experience, Ability to count and balance cash, Ability to read and interpret documents, Ability to multitask and manage time, Experience providing high quality customer service","Minnesota Bank and Trust, a division of HTLF Bank, is an equal opportunity employer committed to creating a diverse workforce. We consider all qualified applicants without regard to race, religion, color, sex, national origin, age, sexual orientation, gender identity, disability or veteran status, among other factors. Minnesota Bank and Trust, a division of HTLF Bank, growing dynamic organization with many locations offering uniquely different banking and financial solutions for businesses and personal clients. As a performance driven company, we strive to create a culture of excellence with high standards, and high values while providing outstanding growth and involvement opportunities for employees. Join a team that makes ""Great Things Happen!""™ Under direction, the Senior Personal Banker will be responsible for assisting customers in a dual role function. The role is responsible for providing an exceptional in-branch customer experience by handling every customer need including sales and service, consumer loan origination, and teller transactions as needed. Utilizing a needs-based selling approach, the Senior Personal Banker will provide solutions based on customer needs and how they like to conduct their banking. In addition, this position will be responsible for referrals to the other lines of business to meet the customer’s financial needs. The Senior Personal Banker will work with the banking team in attaining banking center goals and constantly striving to improve the profitability of the banking center Responsibilities Transaction Responsibilities Senior Personal Bankers are responsible for offering and selling financial products and services to both consumer and small business customers. Including, but not limited to: Checking and Savings Accounts Consumer Loans Consumer Loan Insurance Home Equity Loans/Lines of Credit Credit Cards Certificates of Deposit Individual Retirement Accounts (IRAs) Health Savings Accounts Deposit only business relationship customers with non-lending needs Operates a teller window to meet the needs of the banking center. Provides exceptional customer service while listening for sales opportunities, explains and promotes bank products or services to customers and actively participates in the referral program and strives to meet goal (as determined by individual bank). Effectively use sales skills such as: effective listening, adapting to differences in customers, identifying needs, expanding and deepening customer relationships, responding to verbal and non-verbal clues, presenting solutions through product benefits, establishing a clear difference, overcoming resistance, asking for the business, completing sale, nurturing relationships, and establishing methods for follow-up. Follow up with prospects and current customers to promote new products and services and/or thanking customers for existing business. Actively monitor the status of key customer relationships to promote business growth and service quality, increase the number of services used per customer to increase both profits and customer retention. Maintains confidentiality in handling customer and bank information. Follows security policies and procedures to prevent bank and customer losses. Answer questions and solve problems for customers and office staff concerning all services provided by the bank by: listening to problems, collecting information, securing answers and reporting results to the inquiring party. Maintains a detailed level of knowledge on retail products and services and a conversational knowledge of non-retail products (e.g., mortgage, insurance, wealth management) Works collaboratively with the banking team to achieve customer service and sales objectives Actively participates in banking center sales activities Adhere to guidelines outlined in the Secure and Fair Enforcement for Mortgage Licensing Act of 2008 (S.A.F.E. Act). Operations Responsibilities: May act as backup to the Branch Operations Supervisor or Assistant Banking Center Manager in their absence as designated. Responsible for teller operations as needed Maintains an acceptable Cash Over and Short account according to the bank policy. Prepares Currency Transaction Reports and Monetary Instrument logs. Must be security conscious and comply with all Bank Secrecy Act/Anti-Money Laundering requirements, Privacy of Customer Information Policy, and all consumer protection laws, regulations, and Bank policies as related to assigned job duties. Opens and closes the banking center according to bank security policy. Completes annual E-Learning Plan, Bank Secrecy Act (BSA) and other compliance training as assigned and maintains up-to-date knowledge of BSA and other regulatory requirements as it relates to the job function. Secondary And Nonessential Responsibilities Performs Other Duties as Assigned Requirements 1 High School Diploma/GED. Bachelor’s Degree preferred. 3-5 years of experience in sales & customer service Previous teller or cash handling and consumer loan experience preferred Experience providing high quality customer service High attention to detail Experience working in a team environment Ability to count and balance cash Ability to read and interpret documents such as policy and procedure manuals Demonstrated ability to multi-task and manage time Knowledge of MS Office, Windows and ten key calculator Must satisfy requirements of the Federal Deposit Insurance Act Sec. 19 Occupational Certification Active National Mortgage Licensing System License or ability to obtain. Scheduled Weekly Hours 40 Time Type Full time The Targeted Salary For This Role Is $24.79 - $32.23 You may also be offered incentive compensation, and benefits. Benefits may include Medical, Dental, Vision, 401(k), Health Savings Account, Paid Time Off. Actual compensation may vary based on geographic location of the specific role as well as work experience, education, and skills of the selected candidate. Show more Show less"
linkedin:3702776876,archive,2024-01-15,https://www.linkedin.com/jobs/view/beauty-advisor-inside-sales-sally-beauty-03815-at-sally-beauty-3702776876,https://www.linkedin.com/jobs/view/beauty-advisor-inside-sales-sally-beauty-03815-at-sally-beauty-3702776876,2024-01-19 14:39:35.295785+00,1,1,0,Beauty Advisor (Inside Sales) Sally Beauty 03815,Sally Beauty,"Atwater, CA",2024-01-15,Merced,United States,Counter Supervisor,Mid senior,Onsite,"Customer Service, Sales, Beauty, Hair Care, Cosmetics, Skin Care, Nails, Promotional Events, Loyalty Program, Product Knowledge, Retail, Physical Exertion, Lifting, Standing, Walking, Bending, Crouching, Stooping, Stretching, Reaching, Exposure to Chemicals","Overview SALLY BEAUTY ADVISOR: Job Description: By working at Sally Beauty, you would be part of the largest hair and beauty supplier in the world and we are on a mission to empower our customers to express themselves through hair – and we need passionate and talented people to make this happen!! The Sales Associate/Beauty Advisor will focus on one primary objective – creating a memorable shopping experience for our customers. We are continually searching for passionate beauty lovers that want to help our customer through their beauty experience. Whether assisting with hair color, cosmetics, skin care, or nails, we want you to be the advisor on our customer’s journey. It takes knowledge and training – which Sally Beauty will go above and beyond to provide. You bring your passion and personality – we will do the rest! Your role at Sally Beauty: Build relationships and inspire loyalty. Recommend additional and complimentary products. Inform customers of current promotions and events. Set up advertising displays and arrange merchandise to highlight sales and promotional events. Ensure our customers are informed about and enrolled in our Loyalty program. Complete transactions accurately and efficiently. Maintain a professional store environment and communicate inventory issues. Demonstrate our Sally Beauty Culture Values. We have a range of different working schedules and hours to suit everyone’s needs. Why you’ll love working here: The people are creative, fun and passionate about beauty. Generous product discount and free sample products. You will receive a great education regarding our products. You will have ample opportunity for growth. You may qualify for one or more of the following – medical, dental, vision, 401k, vacation, sick and holiday time depending on the average hours worked. Requirements: Legal wants you to know Must be able to lift up to 25 lbs, occasionally while on a ladder, with or without accommodation. May be exposed to fumes and odors upon occasion. Working Conditions/Physical Requirements The position requires some physical exertion such as long periods of standing; walking; recurring bending, crouching, stooping, stretching, reaching, or similar activities; recurring lifting of moderately heavy items such as shipment or record boxes. The position involves working around moving parts, carts, or machines, and may occasionally include exposure to irritant chemicals. Additional Information: Interested in this exciting challenge and always be in the know about the latest trends in hair and beauty? Yes? Then we would love to hear from you. “At Sally Beauty Holdings, we find beauty in diversity. Our inclusivity and self-expression are what fuel our innovation and growth. You are welcome here, and you can thrive here. We find beauty in YOU. Join us.” Qualified applicants will receive consideration for employment without regard to their race, color, religion, national origin, sex, or disability. SBH, Inc. is an Equal Opportunity Employer. In compliance with federal law, all persons hired will be required to verify identity and eligibility to work in the United States and to complete the required employment eligibility verification form upon hire. Starting at $15.50hr. depending on experience Show more Show less"
linkedin:3788594657,archive,2024-01-14,https://www.linkedin.com/jobs/view/clinical-case-manager-bbs-registered-ccm-at-caminar-inc-3788594657,https://www.linkedin.com/jobs/view/clinical-case-manager-bbs-registered-ccm-at-caminar-inc-3788594657,2024-01-19 14:39:35.392444+00,1,1,0,"Clinical Case Manager (BBS Registered), CCM","Caminar, Inc.","Vallejo, CA",2024-01-14,Novato,United States,Retirement Officer,Mid senior,Onsite,"Mental health services, Crisis intervention, Psychoeducational groups, Treatment planning, Case management, Social work, Documentation, Client assessments, Individual and family therapy, Team meetings, Trainings, Driving, Cleanliness and maintenance, Time sheets and absence reports, CPR and First Aid certification, Medical dental and vision coverage, Flexible Spending Account, Employee Wellness Program, Life Longterm Disability and AD&D Insurance, Paid Time Off, 401(K) Retirement Savings Plan, Commuter Benefits, Employee Assistance Program, California Board of Behavioral Sciences registration, MA/MS in mental health/social work, Valid California driver license, Reliable personal vehicle, Current personal auto insurance, Post offer preemployment medical and drug tests, Personal cell phone with reliable service and data plan, COVID 19 vaccination","Position Title: Clinical Case Manager (ASW, AMFT or APCC required) Program/Dept: 940 (CCM) Comprehensive Case Management Reports to: Program Director Classification: Regular, Full Time, Non-Exempt Compensation: $31.25/hourly + Full Benefits Package Position Description: Under the supervision of the Program Director, the Clinical Case Manager provides clinical and rehabilitation services to adults with psychiatric disabilities living in or in transition to the community in Solano County. The Clinical Case Manager assists in the design and implementation of treatment goals, performing psychosocial assessments, individual and family therapy; is an advocate for clients; provides crisis prevention and intervention when necessary; and helps plan a program including the utilization of community resources to enhance the individual’s quality of life. Essential Duties & Responsibilities: Complete comprehensive clinical assessments for assigned clients and complete assessments for other non-clinical case managers. Conduct individual and family therapy as needed to assigned clients utilizing evidence-based practices. Provide case management, mental health services, and crisis intervention for adults living with severe mental illness. Facilitate psychoeducational groups utilizing evidence-based practices. Assist Program Director with the review and approval of weekly progress notes. Assist with the onboarding and training of new employees. In team meetings, contribute to the development of individual treatment and behavior plans. Support the development and attainment of client rehabilitation goals, including securing of housing and employment, development of a support system, increasing socialization skills, participating in recreational activities, etc. Support and assist with maintenance of personal health, including attainment of and follow through with medical, psychiatric, and dental care. Develop and maintain a respectful, caring, tolerant, ethical, and empowering relationship with all individuals served. Assist in resolution of conflicts between and among roommates and housemates. Evaluate need for entitlement benefits and assist as required in obtaining them. Maintain a client caseload as assigned. Maintain a 67% service time to total work time percentage productivity level. Document in a timely manner treatment planning and interventions according to agency, county, and Medi-Cal billing and quality assurance requirements. Coordinate client treatment with all other members of the treatment team, including family members, conservators, discharge planners, and social workers when clients are hospitalized. Provide monthly accounting of client outcomes and service utilization. Perform all job functions in cooperation with the supervisor, other staff on the case management team, and other service providers involved in the treatment effort, including sharing information regarding all important interventions. Participate in staff meetings and attend other meetings, as assigned. Attend and participate in regularly scheduled weekly and clinical supervision sessions. Attend and complete trainings as assigned and in a timely manner. Drive own or agency vehicle to treatment destinations, as required; documenting and reporting mileage according to agency procedures, so that services can be provided in a timely manner; comply with agency vehicle policy at all times. Monitor cleanliness and maintenance of client living environments, providing assistance as necessary in order to meet minimum standards. Participate in promoting a safe, healthy and clean working environment at all times consistent with applicable laws, industry standards and the agency’s own Health & Safety Program. Complete and submit accurate time sheets and absence reports to program management in a timely manner. Promote within the agency and with the general public the philosophy and practice of social rehabilitation. Actively nurture and advance the cooperative, harmonious and teamwork oriented environment Caminar strives to promote within the workplace through daily efforts and self-presentation to promote an atmosphere of dignity and mutual respect in line with the organization’s mission, philosophy, policies and procedures. Within program requirements, participate in an emergency on-call rotation system, as defined in the “Emergency On-Call Agreement Perform other related duties, responsibilities and special projects as assigned. Qualifications, Skills & Abilities: Must be passionate about Caminar's mission. Candidates must be registered with the California Board of Behavioral Sciences (BBS) (AMFT, ASW, APCC, etc.); licensed supervision hours available. MA/MS in mental health/social work related field. Special Requirements: Must be able to meet and receive a criminal records clearance, as required by Title XXII, other licensing regulations, and Caminar practices. This position requires frequent driving. A valid California driver license, reliable personal vehicle, current personal auto insurance as required by law, and an MVR sufficient to obtain and reasonably maintain insurability under agency auto liability policies are all essential job requirements. Must be able to pass post offer, pre-employment medical and drug tests as required under State Community Care Licensing regulations and/or agency policies. A personal cell phone with reliable service and, if applicable, a data plan to use for business purposes. May be required to obtain and maintain First Aid and CPR certification. Caminar has a COVID 19 vaccine mandate. Candidates must be vaccinated upon hire to work for Caminar. If candidates are not vaccinated they need to apply and be granted a medical or religious exemption. Caminar is a leader in providing innovative client-oriented behavioral health services and is proud to be an equal opportunity employer. We celebrate diversity and are committed to creating an inclusive environment for our team. Please visit our web site at www.caminar.org We've Got You Covered Medical, Dental, and Vision Health coverage choices to fit you and your family’s needs. A zero-cost option for employee only and generous contributions to employee and dependent premiums. Flexible Spending Account Receive tax savings on out-of-pocket health care costs. Employee Wellness Program We’ll reimburse you for a portion of your gym/fitness dues. Life, Long-term Disability,and AD&D Insurance Provided at no cost to our full-time employees. Includes an option to purchase additional life coverage for both employees and dependents. Paid Time Off We offer twelve paid holidays and a generous sick and vacation benefit. 401(K) Retirement Savings Plan We offer options for both pre-tax and post-tax (Roth) contributions. The plan also offers an employer match on eligible employee deferrals at one year of service. Commuter Benefits Commuting to work each day can be expensive. Receive tax savings on your commuting costs! Employee Assistance Program For whatever issue you might face, our Life Assistance Program offers free, confidential assistance at no cost to you. Caminar and our divisions transformed the lives of nearly 17,000 youth and adults across Contra Costa, San Mateo, Santa Clara, San Francisco, Solano, and Butte counties last year through education, behavioral health care, and support. Driven by compassion, science, and our understanding of root causes, we deliver high-quality prevention, treatment, and recovery services to those with complex mental health, substance use, and co-occurring needs. Caminar is a leader in providing evidence-based mental health and substance use treatment services in Northern California. We are an equal opportunity employer. For more information, please visit our website at www.caminar.org Show more Show less"
linkedin:3683979372,archive,2024-01-14,https://www.linkedin.com/jobs/view/lead-sales-associate-pt-at-dollar-general-3683979372,https://www.linkedin.com/jobs/view/lead-sales-associate-pt-at-dollar-general-3683979372,2024-01-19 14:39:35.883985+00,1,1,0,LEAD SALES ASSOCIATE-PT,Dollar General,"Savannah, GA",2024-01-14,Savannah,United States,Sales Attendant,Mid senior,Onsite,"Cashier, Stocker, Planograms, Customer service, Unloading trucks, Receiving and unpacking merchandise, Stocking merchandise, Restock merchandise, Ordering, Assist in planogram implementation, Assist customers, Greet customers, Cash register, Flatbed scanner, Collect payment from customer, Clean front end of store, Set up sidewalk displays, Maintain a clean and organized store, Provide superior customer service leadership, Follow company policies and procedures, Open or close the store, Authorize and sign refunds and overrides, Count register, Make bank deposits, Maintain strict cashier accountability, Monitor cash levels, Monitor cameras, Complete paperwork and documentation, Mathematical calculations, Cash handling procedures, IBM cash register functions, Cash control policies and practices, Interpersonal and oral & written communication skills, Safety policies and practices, Read and follow planograms, High school diploma","Dollar General Corporation has been delivering value to shoppers for more than 80 years. Dollar General helps shoppers Save time. Save money. Every day.® by offering products that are frequently used and replenished, such as food, snacks, health and beauty aids, cleaning supplies, basic apparel, housewares and seasonal items at everyday low prices in convenient neighborhood locations. Dollar General operates more than 18,000 stores in 47 states, and we’re still growing. Learn more about Dollar General at www.dollargeneral.com. GENERAL SUMMARY Function as a Cashier and/or Stocker and act in a lead capacity in the absence of the Store Manager or Assistant Store Manager. Assist in setting and maintaining plan-o-grams and programs. Provide exemplary customer service. Perform other duties as necessary to maximize profitability, customer satisfaction, and teamwork, while protecting company assets and reducing losses. DUTIES and ESSENTIAL JOB FUNCTIONS Unload trucks according to the prescribed process for the store. Follow company work processes to receive, open and unpack cartons and totes. Stock merchandise; rotate and face merchandise on shelves and build merchandise displays. Restock returned and recovered merchandise. Order zones and drop shipment categories, following prescribed ordering practices, as assigned by the Store Manager. Assist in plan-o-gram implementation and maintenance. Assist customers by locating merchandise. Bail cardboard and take out trash; dust and mop store floors; clean restroom and stockroom. Greet customers as they enter the store. Maintain register countertops and bags; implement register countertop plan-o-grams. Operate cash register and flatbed scanner to itemize and total customer's purchase; bag merchandise. Collect payment from customer and make change. Clean front end of store and help set up sidewalk displays. Help to maintain a clean, well-organized store and facilitate a safe and secure working and shopping environment. Provide superior customer service leadership. Follow company policies and procedures as outlined in the Standard Operating Procedures manual, Employee Handbook, and company communications. Open and/or close the store under specific direction of the Area Manager. In the Absence of the Store Manager or Assistant Store Manager Authorize and sign for refunds and overrides; count register; make bank deposits. Assist in maintaining strict cashier accountability, key control, and adherence to company security practices and cash control procedures. Monitor cash levels and make appropriate drawer pulls as directed by the Store Manager. Monitor cameras for unusual activities (customers and employees), if applicable. Supply cashiers with change when needed. Complete all required paperwork and documentation according to guidelines and deadlines as assigned. KNOWLEDGE and SKILLS Ability to perform mathematical calculations such as addition, subtraction, multiplication, division, and percentages. Knowledge of cash handling procedures including cashier accountability and deposit control. Ability to perform IBM cash register functions. Knowledge of cash, facility and safety control policies and practices. Effective interpersonal and oral & written communication skills. Understanding of safety policies and practices. Ability to read and follow plan-o-gram and merchandise presentation guidance. WORK EXPERIENCE and/or EDUCATION High school diploma or equivalent and six months of supervisory experience (or related experience/training) preferred. Relocation assistance is not available for this position. Dollar General Corporation is an equal opportunity employer. Show more Show less"
linkedin:3805727731,archive,2024-01-14,https://www.linkedin.com/jobs/view/survey-crew-chief-michigan-at-ohm-advisors-3805727731,https://www.linkedin.com/jobs/view/survey-crew-chief-michigan-at-ohm-advisors-3805727731,2024-01-19 14:39:39.628919+00,1,1,0,Survey Crew Chief - Michigan,OHM Advisors,"Ann Arbor, MI",2024-01-14,Waterloo,United States,Supervisor Line,Mid senior,Onsite,"Survey Equipment, Survey Software, Surveying Standards, Data Reporting, Project Planning, Project Objectives, Timeframes, Budgets, Staffing, Project Schedule, Survey Crew Management, Assigning Responsibilities, Overseeing Work, Checking Calculations, Notes, Project Scope, Requirements Communication, Safe Work Environments, Health and Safety Plans, Personal Protection Equipment, First Aid and CPR Certification, Topographic Surveying, Construction Surveying, Boundary Surveying, Surveying and Construction Issues, Procedures, Practices, Protocols, Methods, Survey Crew Performance, Leadership, Training, Supervision, Coaching, Mentoring, Resource Management, Timelines, Schedules, Budgets, Profit Objectives, Quality Control, Quality Assurance, Leveling, Traversing, Topographic Mapping, Construction Layout, AsBuilt Surveys, Boundary Surveys, Profile Surveys, CrossSection Surveys, Parcel and Lot Lines Calculations, Easement Lines Calculations, Taxation Information, Title Information, Easement and RightofWay Descriptions, Documentation, Field Data Processing, Field Data Review, Physical Tasks, Carrying, Maneuvering, Line Clearing, Pounding Stakes, Setting Monuments, Locating Underground Objects, Field Notes Recording, Company Standards, Operating Guidelines, Project Information Sharing, Field Observations, State and Local Regulations, Communication, Staff, Leadership Team, Accuracy Checking, QA/QC Program Compliance, Mathematics, Trigonometry, Geometry, DOT Survey Standards, People Management, Project Management, Analytical Skills, ProblemSolving Skills, Physical Requirements, Indoor Work, Outdoor Work, Various Temperatures, Weather Conditions, Driving, Lifting, Carrying, Reaching, Bending, Kneeling, Crawling, Walking, Sitting, Standing","Hiring for Ann Arbor, Livonia, & Midland, Michigan What You’ll Contribute To OHM Advisors The Survey Technician - Crew Chief is the foundation of the survey team, providing technical expertise with the survey equipment, software, standards, and data reporting. This is a growth position, looking for a person willing to take on responsibility and stay current with technology. An engaged and driven technician is highly valued at OHM and a critical part of the team. Your Responsibilities Work with Professional Surveyor to establish project plan and objectives, including timeframes, budgets, staffing, and project schedule. Direct Survey Crew members by assigning responsibilities and overseeing all work performed by the Survey Crew, including checking calculations and notes. Understand project scope and convey requirements to the Survey Crew. Oversee survey work to ensure safe work environments by complying with the company and/or site-specific health and safety plans (e.g., proper personal protection equipment, obtaining and maintaining First Aid and CPR certification, etc.). Provide technical expertise in topographic, construction, and boundary surveying techniques. Provides input on surveying and construction-related issues, procedures, practices, protocols, and methods. Ensure survey crew performance and provide leadership to field crews, including train, supervising, coaching, and mentoring crew members and less-experienced crew chiefs. Has the authority to use assigned resources to meet timelines, schedules, budgets, and profit objectives. May review the quality control and quality assurance procedures, as necessary. Perform survey activities such as leveling, traversing, topographic mapping, construction layout, as-built surveys, boundary surveys, profile, and cross-section surveys. Calculate parcel and lot lines locations and/or easement lines using taxation information and/or title information. Prepares easement and right-of-way descriptions and documents, with drawings if required. Responsible for processing field data and reviewing field data from other crews. Perform physical tasks such as carrying and maneuvering up to 50 lbs, line clearing, pounding stakes, setting monuments, and locating critical underground objects. Record field notes legibly and accurately while following company standards and operating guidelines. Share project information and other field observations deemed pertinent to the project. Ability to work mainly in the field and in the office (when required). Understand state and local regulations regarding surveying standards and practices. Effectively communicate information to staff and leadership team. Checks accuracy of completed work and works with direct supervisor to ensure compliance with QA/QC program.. What You’ll Need To Succeed Must have experience in all types of surveying equipment and procedures. Strong aptitude for mathematics, specifically trigonometry and geometry. Familiarity with DOT survey standards is preferred. Proven ability to manage people and projects. Strong analytical and problem-solving skills. Physical requirements include indoor and outdoor work, various temperatures and weather conditions, driving, lifting, carrying, reaching, bending, kneeling, crawling, walking, sitting, and standing. Reasonable accommodations may be available to enable individuals with disabilities to perform essential functions. Come work for OHM Advisors, the community advancement firm. With the singular mission of Advancing Communities , our diverse, 650+ member team works collaboratively across multiple service areas, including architecture, engineering, planning, surveying, and construction engineering, to create better places for people. We are a team of experts with individual specialties working together, driven to make a difference through people-focused problem solving, design, and ideas. In everything we do, we put people first. We create places for communities of people that help solve a problem and drive them forward—advancing the whole community today and well into the future. Your Team As a trusted member of OHM Advisors’ Survey Group, you will join a growing, mission-driven team of innovative thinkers who collaborate daily, using our combined gifts and talents to continually advance the communities we serve Growth at OHM Advisors Advancement isn’t just for our clients. We’re committed to moving our team forward, too. At OHM Advisors, you’ll enjoy challenging, meaningful work at a growing company creating innovative solutions for forward-thinking clients. But there’s not just cool work on big projects. You’ll be empowered to develop your own career path in a culture that supports your individual professional development goals and encourages your pursuits through continued opportunities for growth. Read about some of our options for career growth and enrichment on our website. OHM Advisors is an Equal Opportunity Employer (EOE). All qualified applicants will receive consideration for employment without regard to race, color, religion, sex, sexual orientation, gender identity, national origin, disability, or protected veteran status. Show more Show less"
linkedin:3803961868,archive,2024-01-16,https://www.linkedin.com/jobs/view/volunteer-emergency-department-volunteer-ambassador-at-volunteermatch-3803961868,https://www.linkedin.com/jobs/view/volunteer-emergency-department-volunteer-ambassador-at-volunteermatch-3803961868,2024-01-19 09:45:09.215838+00,0,0,0,Volunteer: Emergency Department Volunteer Ambassador,VolunteerMatch,"Huntington, NY",2024-01-16,Bridgeport,United States,Goodwill Ambassador,Associate,Onsite,,
linkedin:3740434053,archive,2024-01-14,https://www.linkedin.com/jobs/view/surgical-technologist-at-saint-michael-s-medical-center-3740434053,https://www.linkedin.com/jobs/view/surgical-technologist-at-saint-michael-s-medical-center-3740434053,2024-01-19 14:39:32.95564+00,1,1,0,Surgical Technologist,Saint Michael's Medical Center,"Newark, NJ",2024-01-14,Bound Brook,United States,Surgical Technician,Mid senior,Onsite,"Operating Room Tech, Sterile Supplies Preparation, Sterile Field Maintenance, Surgical Instrument Handling, Surgical Supplies Provision, ORT Training, Scrubbing Minor and Major Procedures, Generalized Surgical Specialties, Specialty Surgical Areas, BLS (AHA) Certification","Overview Join an award-winning team of dedicated professionals committed to our core values of quality, compassion and community! Saint Michael's Medical Center, a member of Prime Healthcare, offers incredible opportunities to expand your horizons and be part of a community dedicated to making a difference. Established by the Franciscan Sisters of the Poor in 1867, Saint Michael's Medical Center is a 358-bed regional tertiary-care, teaching, and research center in the heart of Newark's business and educational district and is accredited by The Joint Commission. Combining state-of-the-art technology, the latest diagnostic and therapeutic procedures, leading-edge research, and a network of highly qualified physicians, nurses, and allied health professionals, the hospital provides top-quality health care services delivered with compassionate care. The first medical institution in New Jersey to perform open-heart surgery, and the first to develop a cardiac catheterization program, Saint Michael's Medical Center is home to the Heart and Vascular Institute, which offers a comprehensive array of innovative cardiac treatments and procedures. Learn more at www.smmcnj.com . We are an Equal Opportunity Employer and do not discriminate against applicants due to veteran status, disability, race, gender, gender identity, sexual orientation, or other protected characteristics. If you need special accommodation for the application process, please contact Human Resources. Know Your Rights: https://www.eeoc.gov/sites/default/files/2022-10/EEOC_KnowYourRights_screen_reader_10_20.pdf Responsibilities The Operating Room Tech is responsible for the preparation of sterile supplies and instruments for each assigned procedure, maintaining sterile field during case and providing surgeon with sterile supplies and instruments during assigned procedures. Qualifications Education and Work Experience High School Diploma or Equivalent or related experience required for new hires effective April 2014. Graduate of an ORT training program or on the job training with a minimum of 3 years experience (surgical setting preferred). Experience in scrubbing minor and major procedures in the generalized surgical specialties, (i.e., GYN, General and Plastics). Experience in scrubbing at least minor procedures in the specialty surgical areas (i.e., ortho, neuro, ENT, Uro. Etc.). Current BLS (AHA) certificate upon hire and maintain current. Show more Show less"
linkedin:3744300206,archive,2024-01-16,https://www.linkedin.com/jobs/view/merrill-financial-solutions-advisor-oregon-sw-washington-market-at-bank-of-america-3744300206,https://www.linkedin.com/jobs/view/merrill-financial-solutions-advisor-oregon-sw-washington-market-at-bank-of-america-3744300206,2024-01-19 14:39:33.573261+00,1,1,0,Merrill Financial Solutions Advisor - Oregon & SW Washington Market,Bank of America,"Vancouver, WA",2024-01-16,Beaverton,United States,Financial Planner,Mid senior,Onsite,"Series 7 & 66 Licenses, Series 63 & 65 Licenses, Financial Service Industry Experience, Sales Experience, Investment Training, Investment Knowledge, Selfstarter, Time Management, Goal Setting, Goal Achieving, Relationship Building, Collaboration, Communication, Prioritization, Execution, Learning, Adaptation, Solution Seeking, Regulatory Due Diligence, Lead Generation, Investment Management, Sales Activities, New Client Development, Computer Skills, Multitasking, Bachelor's Degree, Business Degree, Certified Financial Planner (CFP) Designation, Chartered Retirement Planning Counselor (CRPC) Designation, Insurance Licenses","Job Description: Job Description At Bank of America, we’re guided by a common purpose to help make financial lives better by connecting clients and communities to the resources they need to be successful. Make a difference where it counts by joining our industry-leading wealth management team at Bank of America and Merrill. We’re looking for the next generation of financial advisors—those with a passion for people and drive to make clients’ financial lives better. You’ll advise and guide clients on how to achieve their financial goals. Additionally, you’ll be equipped with the expertise to support them with personal investing tools and resources. During this stage of your journey, the Merrill Financial Solutions Advisor (Merrill FSA) will help provide you with the necessary training and guidance through a defined path to become the financial advisor you want to be. You will have the opportunity to work with both affluent and high net worth clients, identifying needs, developing relationships, reviewing investment goals, and preparing investment recommendations that align with the goals of both existing and prospective clients. In this role you will develop the relationship management skills necessary to operate in an Elite Growth Practice (EGP). From marketing yourself to managing your own practice, we’ll prepare you with everything you need as you develop within your role. The MFSA role provides experienced advisors the opportunity to pursue a career within Merrill Wealth Management. Once you have honed your skills and demonstrated success as a MFSA, you typically will progress into the next stage of training. Located in a Merrill branch. This position is subject to SAFE Act registration requirements. Pursuant to the SAFE Act requirements, all employees engaged in residential loan mortgage originations must register with the federal registry system and remain in good standing. Your position requires SAFE Act registration and you’ll be required to register and submit to the required SAFE Act background check and registration process. Failure to obtain and/or maintain SAFE Act registration may result in your immediate termination. We’ll help you Get training and one-on-one mentorship from managers who are invested in your success. You’ll enroll in our Academy to develop as an advisor; the potential for growth is yours! Build connections to grow your network and business. Starting at a Merrill branch, you’ll interact with Merrill financial advisors, institutional retirement participants and higher net worth clients. Deliver advice through client reviews/presentations with confidence, including reviews of financial goals, and recommend investment advisory strategies to help clients achieve their financial goals. Learn about the full suite of financial solutions. Connect clients to solutions that are in their best interest, such as core Banking, Investment & Life Priority™ solutions, through Bank of America and Merrill to meet their financial needs. As a Merrill FSA, you can look forward to A strong referral network from across the business to increase opportunities for affluent and high net worth client acquisition and provide access to partners who are specialists in their field. Marketing strategies to reach wider audiences with greater appeal. Ongoing professional development to deepen your skills and optimize your practice as the industry evolves. Potential Opportunities for professional growth. Leadership opportunities, including leading client and conference seminars We’re a culture that Is committed to building a workplace where every employee is welcomed and given the support and resources to build and advance their careers. Along with taking care of our clients, we want to be a great place for people to work, and we strive to create an environment where all employees have the opportunity to achieve their goals. Believes diversity makes us stronger so we can reflect, connect to and meet the diverse needs of our clients around the world. Provides continuous training and developmental opportunities to help employees achieve their goals, whatever their background or experience. Is committed to advancing our tools, technology and ways of working. We always put our clients first to meet their evolving needs. Believes in responsible growth and is dedicated to supporting communities around the world by connecting them to the lending, investing and giving they need to remain vibrant and vital. Required skills: Currently holds Series 7 & 66 (63 & 65 in lieu of 66) licenses. Has two years’ experience working in the financial service industry and/or a sales environment where goals were met or exceeded (including at least one year experience in the investments industry, including investment training and in-depth knowledge of investment products and services) Is a self-starter who efficiently manages time and capacity. Sets and accomplishes goals, achieving whatever you put your mind to. Builds and nurtures strong relationships. Collaborates effectively with others to get things done. Communicates effectively and confidently and is comfortable engaging all clients. Manages goals, navigates complexity, prioritizes tasks and executes in a fast-paced environment. Likes to learn, adapts to new information and seeks the right solutions for clients. Is thorough and thoughtful in incorporating relevant regulatory due diligence into daily activities and long-term strategies for clients. Desired skills: Proven ability to partner and promote lead generation. Experience balancing investment management, sales activities and new client development. Strong computer skills and the ability to multitask in a demanding environment. A bachelor’s degree, preferably in business-related field. Achieved additional professional designations such as Certified Financial Planner (CFP) and/or Chartered Retirement Planning Counselor (CRPC). Obtained insurance licenses. Shift: 1st shift (United States of America) Hours Per Week: 40 Show more Show less"
linkedin:3628340333,archive,2024-01-13,https://www.linkedin.com/jobs/view/rad-tech-at-virginia-mason-franciscan-health-3628340333,https://www.linkedin.com/jobs/view/rad-tech-at-virginia-mason-franciscan-health-3628340333,2024-01-19 14:39:33.898387+00,1,1,0,Rad Tech,Virginia Mason Franciscan Health,"Seattle, WA",2024-01-13,Summit,United States,Radiologist,Mid senior,Onsite,"Radiology, Diagnostic imaging, Xray, Fluoroscopy, Medical imaging, Patient positioning, CPR, Anatomy, Physiology, Organizational skills, Stress management, Multitasking, Flexibility, Lifting heavy objects, Communication, Teamwork, Washington State certification, American Registry of Radiological Technology (ARRT) certification, Accredited diagnostic radiologic program, Continuing medical education","Overview Up to a $10,000 sign on bonus** Virginia Mason Franciscan Health is a 336 bed non-profit facility providing quality health care to patients and communities in and around Seattle Washington. We are part of CommonSpirit Health which operates 139 hospitals and more than 1,000 care sites across 21 states, making our services accessible to nearly 1 in 4 U.S. residents. Responsibilities As a Radiology Technologist at Virginia Mason, you will help capture usable diagnostic images from patients so the Radiologist can accurately diagnose and/or rule out different conditions. Every day you could perform any variety of imaging examinations such as x-rays, diagnostic fluoroscopy, to name a few. You will also need to enjoy working directly with people as you play a huge role in the patient experience. To be successful in this role, you’ll need to fully understand the importance of diagnostic imaging. This includes knowledge of the general imaging workflow, various patient positioning techniques, and capturing precise results for timely and accurate diagnosis. We deliver inspired people to do meaningful work."" Qualifications This position requires a Washington State certification for Radiologic Technologist and a certificate from the American Registry of Radiological Technology (ARRT). Graduation from an approved accredited program for diagnostic radiologic or successful completion of alternative training is required. Must complete 24 hours of continuing medical education every two years. Must have a valid CPR license to be renewed every two years. Excellent interpersonal and communication skills; a thorough understanding of anatomy and physiology; strong organizational skills; a willingness to grow with technological changes occurring in the field; the ability to manage stressful situations appropriately; the ability to attend to multiple tasks and work independently; and the ability to be versatile, flexible are needed. Must be able to lift 50 pounds. Just as Virginia Mason is dedicated to improving the lives of our patients and our community, we are equally dedicated to your professional and personal success. With a wide range of perks that includes a comprehensive compensation and benefits package, and the opportunity to live in one of the most livable cities in the nation, you will find that an opportunity with Team Medicine is one worth taking. We are an equal opportunity/affirmative action employer. WAImaging Pay Range $36.89 - $53.49 /hour Show more Show less"
linkedin:3805707129,archive,2024-01-14,https://www.linkedin.com/jobs/view/sous-chef-redwood-city-at-doordash-3805707129,https://www.linkedin.com/jobs/view/sous-chef-redwood-city-at-doordash-3805707129,2024-01-19 14:39:34.178023+00,1,1,0,Sous Chef - Redwood City,DoorDash,"Redwood City, CA",2024-01-14,Union City,United States,Sous Chef,Mid senior,Onsite,"Culinary Execution, Shift Supervision, People Management, Process Development, Administration, Kitchen Operations, Food Preparation, Food Safety and Sanitation, Inventory Management, Scheduling, Customer Service, Team Leadership, Safety Standards, Recipe Development, Quality Control, Communication and Coordination, FastPaced Environment, Time Management, ProblemSolving, DecisionMaking, ServSafe Manager's License, ServeSafe Certification","About The Team The DoorDash Kitchens team is a part of DoorDash's New Delivery Models and launches and operates shared 'dark kitchens' for restaurateurs looking to grow their business. This is a small but mighty team helping scale DoorDash Kitchens. About The Role You'll cook multiple culinary concepts and supervise the daily operations of our DoorDash-operated kitchen. You will ensure that food orders are cooked and fulfilled to the highest standard, while supporting broader operations through ordering and inventory. You will lead multiple cooks in the kitchen to make sure they are successful, operating with quality and speed while maintaining food safety compliance. You will report to the Culinary Manager. Culinary Execution. Cook and expedite orders overseeing the day-to-day culinary operations. Shift Supervision. Oversee and supervise line cooks, prep cooks, and dishwashers while on their shift ensuring food quality, health and safety of the kitchen facility and overall. People Management Responsible for supervising culinary staff throughout the shift to ensure quality food preparation and sanitary clean-up and escalating cause for discipline to Manager. Process Development Enacts SOPs around safety, cleanliness, inventory, and food preparation. Develop ways to streamline operations while still ensuring high standards for food preparation Administration This role will need to take inventory, place orders with vendors, develop prep lists and other administrative tasks to support the overall success of the operation. Other Duties As Assigned You’re excited about this opportunity because you... Are cuisine-curious and love to cook across multiple culinary concepts Love to build processes and see a plan in action Are passionate about cooking consistently from a playbook Want to work in new restaurant models including delivery-only environments Excited about learning more. We’re Excited About You Because… You have 1-2 years or more experience cooking and managing a fast-casual, QSR, or full-service restaurants You have 1 years of experience supervising a team including scheduling You have a ServeSafe Managers License and have meticulous cleanliness standards About DoorDash At DoorDash, our mission to empower local economies shapes how our team members move quickly, learn, and reiterate in order to make impactful decisions that display empathy for our range of users—from Dashers to merchant partners to consumers. We are a technology and logistics company that started with door-to-door delivery, and we are looking for team members who can help us go from a company that is known for delivering food to a company that people turn to for any and all goods. DoorDash is growing rapidly and changing constantly, which gives our team members the opportunity to share their unique perspectives, solve new challenges, and own their careers. We're committed to supporting employees’ happiness, healthiness, and overall well-being by providing comprehensive benefits and perks including premium healthcare, wellness expense reimbursement, paid parental leave and more. Our Commitment to Diversity and Inclusion We’re committed to growing and empowering a more inclusive community within our company, industry, and cities. That’s why we hire and cultivate diverse teams of people from all backgrounds, experiences, and perspectives. We believe that true innovation happens when everyone has room at the table and the tools, resources, and opportunity to excel. Statement of Non-Discrimination: In keeping with our beliefs and goals, no employee or applicant will face discrimination or harassment based on: race, color, ancestry, national origin, religion, age, gender, marital/domestic partner status, sexual orientation, gender identity or expression, disability status, or veteran status. Above and beyond discrimination and harassment based on “protected categories,” we also strive to prevent other subtler forms of inappropriate behavior (i.e., stereotyping) from ever gaining a foothold in our office. Whether blatant or hidden, barriers to success have no place at DoorDash. We value a diverse workforce – people who identify as women, non-binary or gender non-conforming, LGBTQIA+, American Indian or Native Alaskan, Black or African American, Hispanic or Latinx, Native Hawaiian or Other Pacific Islander, differently-abled, caretakers and parents, and veterans are strongly encouraged to apply. Thank you to the Level Playing Field Institute for this statement of non-discrimination. Pursuant to the San Francisco Fair Chance Ordinance, Los Angeles Fair Chance Initiative for Hiring Ordinance, and any other state or local hiring regulations, we will consider for employment any qualified applicant, including those with arrest and conviction records, in a manner consistent with the applicable regulation. If you need any accommodations, please inform your recruiting contact upon initial connection. Compensation The location-specific base salary range for this position is listed below. Compensation in other geographies may vary. Actual compensation within the pay range will be decided based on factors including, but not limited to, skills, prior relevant experience, and specific work location. For roles that are available to be filled remotely, base salary is localized according to employee work location. Please discuss your intended work location with your recruiter for more information. DoorDash cares about you and your overall well-being, and that’s why we offer a comprehensive benefits package, for full-time employees, that includes healthcare benefits, a 401(k) plan including an employer match, short-term and long-term disability coverage, basic life insurance, wellbeing benefits, paid time off, paid parental leave, and several paid holidays, among others. In addition to base salary, the compensation package for this role also includes opportunities for equity grants. Base Pay Range: $65,600—$98,400 USD Show more Show less"
linkedin:3760950841,archive,2024-01-15,https://www.linkedin.com/jobs/view/senior-software-engineer-backend-at-walmart-3760950841,https://www.linkedin.com/jobs/view/senior-software-engineer-backend-at-walmart-3760950841,2024-01-19 09:45:09.215838+00,0,0,0,Senior Software Engineer - Backend,Walmart,"Reston, VA",2024-01-15,Bethesda-Chevy Chase,United States,Chief Computer Programmer,Mid senior,Onsite,,
linkedin:3806305198,archive,2024-01-17,https://www.linkedin.com/jobs/view/online-esl-teacher-at-jobs-for-humanity-3806305198,https://www.linkedin.com/jobs/view/online-esl-teacher-at-jobs-for-humanity-3806305198,2024-01-19 09:45:09.215838+00,0,0,0,Online ESL Teacher,Jobs for Humanity,"Minnetonka, MN",2024-01-17,South Saint Paul,United States,Teacher Music,Mid senior,Onsite,,
linkedin:3712384620,archive,2024-01-16,https://www.linkedin.com/jobs/view/keyholder-at-torrid-3712384620,https://www.linkedin.com/jobs/view/keyholder-at-torrid-3712384620,2024-01-19 09:45:09.215838+00,0,0,0,Keyholder,Torrid,"Brandon, FL",2024-01-16,Tampa,United States,Reader,Mid senior,Onsite,,
linkedin:3806167441,archive,2024-01-16,https://uk.linkedin.com/jobs/view/finance-manager-film-at-handle-recruitment-3806167441,https://uk.linkedin.com/jobs/view/finance-manager-film-at-handle-recruitment-3806167441,2024-01-19 09:45:09.215838+00,0,0,0,Finance Manager - Film,Handle Recruitment,"City of London, England, United Kingdom",2024-01-16,Greater London,United Kingdom,Script Reader,Mid senior,Onsite,,
linkedin:3805938900,archive,2024-01-16,https://uk.linkedin.com/jobs/view/health-and-fitness-instructor-at-hilton-3805938900,https://uk.linkedin.com/jobs/view/health-and-fitness-instructor-at-hilton-3805938900,2024-01-19 09:45:09.215838+00,0,0,0,Health and Fitness Instructor,Hilton,"Tewkesbury, England, United Kingdom",2024-01-16,Cheltenham,United Kingdom,Instructor Sports,Mid senior,Onsite,,
linkedin:3416333234,archive,2024-01-16,https://www.linkedin.com/jobs/view/financial-advisor-at-first-command-financial-services-inc-3416333234,https://www.linkedin.com/jobs/view/financial-advisor-at-first-command-financial-services-inc-3416333234,2024-01-19 09:45:09.215838+00,0,0,0,Financial Advisor,"First Command Financial Services, Inc.","Pittsburgh, PA",2024-01-16,New Kensington,United States,Financial Planner,Mid senior,Onsite,,
linkedin:3791064818,archive,2024-01-16,https://www.linkedin.com/jobs/view/ophthalmologist-needed-in-arkansas-at-the-eye-group-3791064818,https://www.linkedin.com/jobs/view/ophthalmologist-needed-in-arkansas-at-the-eye-group-3791064818,2024-01-19 09:45:09.215838+00,0,0,0,Ophthalmologist needed in Arkansas,The Eye Group,"Fort Smith, AR",2024-01-16,Arkansas,United States,Ophthalmologist,Mid senior,Onsite,,
linkedin:3803493931,archive,2024-01-13,https://www.linkedin.com/jobs/view/behavioral-health-counselor-travel-position-at-sandstone-care-3803493931,https://www.linkedin.com/jobs/view/behavioral-health-counselor-travel-position-at-sandstone-care-3803493931,2024-01-21 07:40:11.491706+00,1,1,0,Behavioral Health Counselor (Travel Position),Sandstone Care,"Chantilly, VA",2024-01-13,Manassas,United States,Clinical Therapist,Mid senior,Onsite,,"Position Title: Multi-Site dropdown#toggle"" data-dropdown-placement-param=""top"" data-term-id=""292770151"">dropdown#toggle"" data-dropdown-menu-id-param=""menu_term_292770151"" data-dropdown-placement-param=""top"" data-term-id=""292770151"">Clinician Primary Locations: North Bethesda, Towson and Crownsville Maryland Travel Requirements: Travel to all Maryland facilities Schedule: Variable Schedule dropdown#toggle"" data-dropdown-placement-param=""top"" data-term-id=""292770192"">dropdown#toggle"" data-dropdown-menu-id-param=""menu_term_292770192"" data-dropdown-placement-param=""top"" data-term-id=""292770192"">Job Type : dropdown#toggle"" data-dropdown-placement-param=""top"" data-term-id=""292770163"">dropdown#toggle"" data-dropdown-menu-id-param=""menu_term_292770163"" data-dropdown-placement-param=""top"" data-term-id=""292770163"">Full Time Compensation : $80,000-$90,000 Annual Salary About The Role Are you a therapist who wants to make a difference in the world? Do you have a passion for helping people overcome addiction, trauma, and mental health challenges? Do you thrive in diverse and complex situations, and are you always willing to lend a hand? If you answered yes to these questions, then you might be the perfect fit for Sandstone Care. Sandstone Care is more than just a provider of specialized care for individuals with mental health, substance use, and mood disorder diagnoses. We are a community of professionals who share a common vision: to inspire and empower change in ourselves and others. We offer a range of services tailored to meet the unique needs and goals of each client. We serve people of all ages, from adolescents to adults, and we treat a variety of conditions. We believe that everyone deserves access to quality care, regardless of their background or situation. As a Traveling Therapist at Sandstone Care, you will have the opportunity to: Deliver individual, group, and family therapy as needed, using evidence-based practices and modalities to help clients develop coping skills, self-awareness, and resilience. Step in for staffing absences, supporting increased client census and providing general assistance, and case management contributing to the smooth functioning of our programs. Support clients at multiple levels of care, working with diverse mental health, substance use, and mood disorder diagnoses, guiding them on their journey to healing and recovery. Embrace a variable schedule with open and flexible availability, adapting to the needs of our clients and programs. By joining Sandstone Care, you will also enjoy: A dynamic work environment that values diversity and encourages collaboration. Competitive compensation, flexibility, and personal and professional growth opportunities. The chance to make a significant impact on the lives of individuals facing addiction, trauma, and behavioral health disorders. At Sandstone Care, you get to be human. You get to use your skills and experience to help others, while also growing and learning from your peers. You get to work with a team of professionals who support you and challenge you. You get to be part of a mission that matters. If this sounds like the place for you, don't hesitate to apply now for the role of Behavioral Health Care Travel Therapist at Sandstone Care. We can't wait to hear from you. Who You Are You are a passionate and skilled dropdown#toggle"" data-dropdown-placement-param=""top"" data-term-id=""292770174"">dropdown#toggle"" data-dropdown-menu-id-param=""menu_term_292770174"" data-dropdown-placement-param=""top"" data-term-id=""292770174"">dropdown#toggle"" data-dropdown-placement-param=""top"" data-term-id=""292770148"">dropdown#toggle"" data-dropdown-menu-id-param=""menu_term_292770148"" data-dropdown-placement-param=""top"" data-term-id=""292770148"">mental healthdropdown#toggle"" data-dropdown-menu-id-param=""menu_term_292770174"" data-dropdown-placement-param=""top"" data-term-id=""292770174"">dropdown#toggle"" data-dropdown-placement-param=""top"" data-term-id=""292770174""> counselor who wants to make a difference in the lives of young adults and adolescents. You have a clinical license and experience in treating dropdown#toggle"" data-dropdown-placement-param=""top"" data-term-id=""292770164"">dropdown#toggle"" data-dropdown-menu-id-param=""menu_term_292770164"" data-dropdown-placement-param=""top"" data-term-id=""292770164"">substance abuse and dropdown#toggle"" data-dropdown-placement-param=""top"" data-term-id=""292770148"">dropdown#toggle"" data-dropdown-menu-id-param=""menu_term_292770148"" data-dropdown-placement-param=""top"" data-term-id=""292770148"">mental health issues. You are proficient in various therapeutic modalities and techniques, and you have strong documentation skills. You are also flexible and adaptable, ready to work in different settings and with different clients. Some of your qualifications are: Clinical dropdown#toggle"" data-dropdown-placement-param=""top"" data-term-id=""292770159"">dropdown#toggle"" data-dropdown-menu-id-param=""menu_term_292770159"" data-dropdown-placement-param=""top"" data-term-id=""292770159"">licensure in Maryland is required:(LCPC, LCSW-C LCMFT) Provisional Licenses (LGPC, LMSW, LGMFT) will also be considered. Previous experience in dropdown#toggle"" data-dropdown-placement-param=""top"" data-term-id=""292770164"">dropdown#toggle"" data-dropdown-menu-id-param=""menu_term_292770164"" data-dropdown-placement-param=""top"" data-term-id=""292770164"">substance abuse treatment, preferably in Residential and/or dropdown#toggle"" data-dropdown-placement-param=""top"" data-term-id=""292770171"">dropdown#toggle"" data-dropdown-menu-id-param=""menu_term_292770171"" data-dropdown-placement-param=""top"" data-term-id=""292770171"">Outpatient settings 1 dropdown#toggle"" data-dropdown-placement-param=""top"" data-term-id=""292770181"">dropdown#toggle"" data-dropdown-menu-id-param=""menu_term_292770181"" data-dropdown-placement-param=""top"" data-term-id=""292770181"">year of experience in dropdown#toggle"" data-dropdown-placement-param=""top"" data-term-id=""292770148"">dropdown#toggle"" data-dropdown-menu-id-param=""menu_term_292770148"" data-dropdown-placement-param=""top"" data-term-id=""292770148"">mental health and or mood disorder treatment (Ideal but not required) Preferred clinical skills/abilities: Motivational Interviewing, Cognitive Behavioral Therapy, Dialectical Behavior Therapy, Strong Documentation Skills Who We Are: Welcome to Sandstone Care: Where Your Impact Matters At Sandstone Care, we're not just a dropdown#toggle"" data-dropdown-placement-param=""top"" data-term-id=""292770178"">dropdown#toggle"" data-dropdown-menu-id-param=""menu_term_292770178"" data-dropdown-placement-param=""top"" data-term-id=""292770178"">dropdown#toggle"" data-dropdown-placement-param=""top"" data-term-id=""292770149"">dropdown#toggle"" data-dropdown-menu-id-param=""menu_term_292770149"" data-dropdown-placement-param=""top"" data-term-id=""292770149"">behavioral healthdropdown#toggle"" data-dropdown-menu-id-param=""menu_term_292770178"" data-dropdown-placement-param=""top"" data-term-id=""292770178"">dropdown#toggle"" data-dropdown-placement-param=""top"" data-term-id=""292770178""> services provider – we're a vibrant community dedicated to transforming lives and unlocking potential. Join us in a dynamic journey of compassion, growth, and support as we pave the way for progress. We Are More Than a Team - We're a community: When you join Sandstone Care, you become part of a community of dropdown#toggle"" data-dropdown-placement-param=""top"" data-term-id=""292770191"">dropdown#toggle"" data-dropdown-menu-id-param=""menu_term_292770191"" data-dropdown-placement-param=""top"" data-term-id=""292770191"">dropdown#toggle"" data-dropdown-placement-param=""top"" data-term-id=""292770147"">dropdown#toggle"" data-dropdown-menu-id-param=""menu_term_292770147"" data-dropdown-placement-param=""top"" data-term-id=""292770147"">healthcaredropdown#toggle"" data-dropdown-menu-id-param=""menu_term_292770191"" data-dropdown-placement-param=""top"" data-term-id=""292770191"">dropdown#toggle"" data-dropdown-placement-param=""top"" data-term-id=""292770191""> professionals that shares a common vision and mission. We're a fast paced and thriving organization that embraces innovation with a startup spirit. We're always learning from experiences, daring to explore new avenues, and adapting to evolving needs. We are striving for Progress not Perfection - this means we look introspectively, reflect, and learn from our successes and failures. Our Mission, Your Drive: Our purpose goes beyond words – it's about inspiring and empowering change, both for ourselves and those we serve. Anchored in our core values, we make a real impact: Ridiculously Service Oriented: We go above and beyond to ensure our clients receive the best care possible. We listen to their needs, respect their preferences, and tailor our services to meet their goals. Integrity: We operate with honesty, transparency, and accountability. We do what we say we will do, and we own up to our mistakes. Partnership: We collaborate closely with clients, families, staff, and community partners. We value diversity, inclusion, and feedback. We work together to achieve shared aspirations. Courage: We face challenges with resilience, mettle, and an unwavering spirit. We embrace change, take risks, and overcome obstacles. Passion: We have a deep-rooted desire to make a difference in the world. We are driven by our mission and vision, and we pursue them with enthusiasm and dedication. Accessibility: We make our services available and affordable to everyone who needs our support. We strive to eliminate barriers and create opportunities for recovery. Join Our Journey: If you're ready to be part of a team that's rewriting what it means to provide exceptional care, come make your mark at Sandstone Care. Your journey of growth, compassion, and impact starts here. You'll find a supportive and positive work environment where you can thrive professionally and personally. You'll also enjoy competitive compensation and benefits, as well as opportunities for continuous learning and development. Don't miss this chance to join a community that is changing lives for the better. Apply today and start your journey with Sandstone Care. Support for You Personally and Professionally: At Sandstone Care, we deeply value our employees and believe that exceptional care begins with you. That's why we provide a comprehensive benefits package designed to enhance both your personal and professional journey. Here are some of the benefits you'll enjoy: 4 Weeks of Paid Time Off: Achieve a healthy work-life balance with a combination of paid time off (PTO) and paid floating holidays, giving you ample opportunities to recharge and enjoy your personal life. Robust Employee Assistance Program: Access counseling, legal consultations, financial planning, and dropdown#toggle"" data-dropdown-placement-param=""top"" data-term-id=""292770162"">dropdown#toggle"" data-dropdown-menu-id-param=""menu_term_292770162"" data-dropdown-placement-param=""top"" data-term-id=""292770162"">wellness coaching to support your overall well-being and peace of mind. Continued Education and CEU Support: We're committed to expanding your professional development, ensuring you have the tools and knowledge to thrive in your role. No-Cost Clinical Supervision: Receive invaluable clinical supervision at no cost, empowering your growth and success as a therapist. Collaborative and Supportive Community: Join a tight-knit and supportive community of therapists and team members who foster a positive work environment and provide a network of encouragement and collaboration. Small Caseloads: We prioritize individualized support for clients, enabling you to provide focused and effective care. At Sandstone Care, we not only invest in our clients' well-being but also in yours. Join us, and let's grow and succeed together in a supportive and enriching environment. Compensation and Benefits: We understand that your well-being and financial security are essential. At Sandstone Care, we offer an enticing compensation package and a range of benefits to support your needs: Compensation: Competitive annual salary range of $80,000 - $90,000 Comprehensive dropdown#toggle"" data-dropdown-placement-param=""top"" data-term-id=""292770161"">dropdown#toggle"" data-dropdown-menu-id-param=""menu_term_292770161"" data-dropdown-placement-param=""top"" data-term-id=""292770161"">Health Insurance: Access medical, dental, and vision coverage to ensure your health and your family's well-being. Financial Security: We provide short/long-term disability and dropdown#toggle"" data-dropdown-placement-param=""top"" data-term-id=""292770165"">dropdown#toggle"" data-dropdown-menu-id-param=""menu_term_292770165"" data-dropdown-placement-param=""top"" data-term-id=""292770165"">life insurance to offer you added financial peace of mind. Retirement Planning: Take advantage of our 401k program with up to a 5% match to support your long-term financial goals. Join us at Sandstone Care, where your career and your future are valued and supported. What to Expect: Our Interview Process Here's an overview of what comes next: Application Review: We'll promptly review your application within one business day. Discovery Call: Expect a 30-minute discovery call with one of our dropdown#toggle"" data-dropdown-placement-param=""top"" data-term-id=""292770157"">dropdown#toggle"" data-dropdown-menu-id-param=""menu_term_292770157"" data-dropdown-placement-param=""top"" data-term-id=""292770157"">recruiters. Interview with Hiring Manager: You'll have a 1-hour interview with the hiring manager. Offer: If all goes well, you'll receive an offer. Expected Interview Timeline : The entire process typically takes 1-2 weeks. We look forward to getting to know you better during this process! Show more Show less"
linkedin:3797878201,archive,2024-01-14,https://www.linkedin.com/jobs/view/customer-service-representative-associate-r206-at-byram-healthcare-3797878201,https://www.linkedin.com/jobs/view/customer-service-representative-associate-r206-at-byram-healthcare-3797878201,2024-01-21 07:40:11.665478+00,1,1,0,"Customer Service Representative, Associate (R206)",Byram Healthcare,"Downers Grove, IL",2024-01-14,Bristol,United States,Service Representative,Mid senior,Onsite,"Customer service, Medical, Microsoft Word, Healthcare, Byram ERP, Microsoft Office, Outlook, Phone etiquette, Verbal communication","At Owens& Minor, we are a critical part of the healthcare process. As a Fortune 500 company with 50+ facilities across the US and 18,000 teammates in over 90 countries, we provide integrated technologies, products and services across the full continuum of care. Customers—and their patients—are at the heart of what we do. Our mission is to empower our customers to advance healthcare, and our success starts with our teammates. Owens& Minor Teammate Benefits Include Medical, dental, and vision insurance, available on first working day 401(k), eligibility after 30 days of employment Employee stock purchase plan Tuition reimbursement Development opportunities to grow your career with a global company Position Summary The representative is to service the needs of our patients by educating them on products and services’, listening to concerns/addressing issues, providing informational literature when necessary and placing supply orders. Essential Tasks Ability to answer hi-volume in-bound calls via an automated phone system. Ability to make outbound calls to patients and referrals as necessary. Respond quickly and professionally to customer telephone questions and concerns. Gather Patient demographics and billing information as needed to complete requested orders. Process orders using Byram ERP system. Maintain customer records by updating account. Recommend additional products that may be necessary or available to the customer. Achieve daily completion of CS Credit Review. Must possess excellent communication skills and the ability to practice proper phone etiquette. Working knowledge of Microsoft Office, particularly Word and Outlook. Provide feedback to Group Team Lead regarding issues with accounts. Conducts routine tasks as directed; works under clearly defined guidelines Contributes to specific objectives and outcomes as directed. If you feel this opportunity could be the next step in your career, we encourage you to apply. Owens& Minor is an Equal Opportunity Employer. All qualified applicants will receive consideration for employment without regard to race, color, national origin, sex, sexual orientation, genetic information, religion, disability, age, status as aveteran, or any other status prohibited by applicable national, federal, state or local law. Show more Show less"
linkedin:3795559609,archive,2024-01-16,https://www.linkedin.com/jobs/view/rn-transitional-care-at-providence-at-health-ecareers-3795559609,https://www.linkedin.com/jobs/view/rn-transitional-care-at-providence-at-health-ecareers-3795559609,2024-01-21 07:40:12.453437+00,1,1,0,RN - Transitional Care at Providence,Health eCareers,"Anchorage, AK",2024-01-16,Alaska,United States,Nurse Private Duty,Mid senior,Onsite,"Registered Nurse License, CPR certification, Nursing, Clinical Care, Patient Care, BLS, Supervision, Leadership","**Description** $10K hiring bonus for eligible external candidates that meet required qualifications and conditions for payment. This position will be supporting Providence Transitional Care Center. Schedule:** 36 hours/week, working 12 hour shifts Job Description The Primary Care Nurse is in charge of the resident care for a specific group of residents, to include, supervision of team members, coordinating referrals to other members of the interdisciplinary healthcare team, families and physicians. The Primary Care Nurse serves as the point of contact for resident information. Assists with clinical interventions and resident activities of daily living. Providence Transitional Care Center has a total of 52 beds with a good mix of acute stay residents vs. Long Term Care. This unit is about stability and the work is fun and challenging. It has 12-18 Medicare beds. Benefits And Perks Competitive pay (including holiday pay & shift pay differentials) Best-in-class benefits - full medical, dental and vision coverage from your first day 401(k) plan with employer matching & complementary retirement planner Generous paid time off for vacation, sick days and holidays Tuition reimbursement & student loan forgiveness programs Wellness & mental health assistance programs Back-up child & elder care to help with care disruptions for your family Voluntary benefits, like pet, auto and home insurance, and more! Required Qualifications Graduate of an accredited School of Nursing. Upon hire: Alaska Registered Nurse License Upon hire: National Provider BLS - American Heart Association Preferred Qualifications 6 months of Nursing experience in a health care facility (acute care, long term care, rehabilitation center). Supervision/leadership experience. Why Join Providence?** Our best-in-class benefits are uniquely designed to support you and your family in staying well, growing professionally, and achieving financial security. We take care of you, so you can focus on delivering our Mission of caring for everyone, especially the most vulnerable in our communities. **About Providence** At Providence, our strength lies in Our Promise of ""Know me, care for me, ease my way."" Working at our family of organizations means that regardless of your role, we'll walk alongside you in your career, supporting you so you can support others. We provide best-in-class benefits and we foster an inclusive workplace where diversity is valued, and everyone is essential, heard and respected. Together, our 120,000 caregivers (all employees) serve in over 50 hospitals, over 1,000 clinics and a full range of health and social services across Alaska, California, Montana, New Mexico, Oregon, Texas and Washington. As a comprehensive health care organization, we are serving more people, advancing best practices and continuing our more than 100-year tradition of serving the poor and vulnerable. The amounts listed are the base pay range; additional compensation may be available for this role, such as shift differentials, standby/on-call, overtime, premiums, extra shift incentives, or bonus opportunities. Check out our benefits page for more information about our Benefits and Rewards. **About the Team** Providence Home and Community Care (HCC) is a service line within Providence with over 8,000 caregivers and 2,000 volunteers serving nearly 200,000 people a year, in their homes, in clinics and in a variety of congregate living ministries across our seven-state footprint. HCC provides a full range of services and support for people of all ages, especially those facing chronic or life-limiting illnesses. Our core competencies include restorative care, longitudinal care and care through the end of life. Our service lines include assisted living/skilled nursing/rehabilitation, home health, home infusion/pharmacy services, home medical equipment, hospice and palliative care, Program of All-Inclusive Care for the Elderly (PACE), personal home services/private duty care and supportive housing. We are committed to the principle that every workforce member has the right to work in surroundings that are free from all forms of unlawful discrimination and harassment. We are committed to cultural diversity and equal employment for all individuals. It is our policy to recruit, hire, promote, compensate, transfer, train, retain, terminate, and make all other employment-related decisions without regard to race, color, religious creed (including religious dress and grooming practices), national origin (including certain language use restrictions), ancestry, disability (mental and physical including HIV and AIDS), medical condition (including cancer and genetic characteristics), genetic information, marital status, age, sex (which includes pregnancy, childbirth, breastfeeding and related medical conditions), gender, gender identity, gender expression, sexual orientation, genetic information, and military and veteran status or any other applicable legally protected status. We will also provide reasonable accommodation to known physical or mental limitations of an otherwise qualified caregiver or applicant for employment, unless the accommodation would impose undue hardship on the operation of our business. We are a community where all people, regardless of differences, are welcome, secure, and valued. We value respect, appreciation, collaboration, diversity, and a shared commitment to serving our communities. We expect that all workforce members in our community will act in ways which reflect a commitment to and accountability for, racial and social justice and equality in the workplace. As such, we will maintain a workplace free of discrimination and harassment based on any applicable legally protected status. We also expect that all workforce members will maintain a positive workplace free from any unacceptable conduct which creates an intimidating, hostile, or offensive work environment. Requsition ID:** 241515 Company:** Providence Jobs Job Category:** Patient Care (Non-Acute) Job Function:** Clinical Care Job Schedule:** Full time Job Shift:** Day Career Track:** Nursing Department:** 1016 AK PTCC NURSING Address:** AK Anchorage 910 Compassion Circle Work Location:** Providence Transitional Care Ctr-Anchorage Pay Range:** $37.18 - $60.03 The amounts listed are the base pay range; additional compensation may be available for this role, such as shift differentials, standby/on-call, overtime, premiums, extra shift incentives, or bonus opportunities. Check out our benefits page for more information about our Benefits and Rewards. Compensation Information $37.18 / Hourly - $37.18 / Hourly Starting At: 37.18 Hourly Up To: 60.03 Hourly Show more Show less"
linkedin:3737457183,archive,2024-01-14,https://au.linkedin.com/jobs/view/facilities-manager-group-421-at-woolworths-group-3737457183,https://au.linkedin.com/jobs/view/facilities-manager-group-421-at-woolworths-group-3737457183,2024-01-21 07:40:33.153713+00,1,1,0,Facilities Manager Group 421,Woolworths Group,"Sydney, New South Wales, Australia",2024-01-14,Sydney,Australia,Supervisor Cleaning,Mid senior,Onsite,"Leadership, Financial management, Safety management, Proactive services, Retail experience, FMCG experience, Stakeholder management, Essential services, Refrigeration, Air conditioning, Electrical systems","About Woolworths Group Woolworths Group is a food and everyday needs retailer united by the shared purpose of creating better experiences together for a better tomorrow. With more than 1,400 stores across its Woolworths Supermarkets, Countdown Supermarkets (New Zealand) and BIG W brands, and fast-growing eCommerce businesses, Woolworths Group is Australia and New Zealand’s largest retailer. A top 10 company on the Australian Securities Exchange (ASX), Woolworths Group employs more than 180,000 team members and serves more than 20 million customers a week. Facilities Manager Multiple opportunities | Regional Based Strong retail or FMCG experience essential Competitive salary on offer Here at Woolworths Group, we are committed to growing greener every day and have set ourselves some ambitious sustainability goals. To enable these commitments, we have a newly created team and function; Proactive Services which will transform the way we deliver our in-store cleaning, trolley collection, and waste management services to our store network. This industry-leading program will contribute to our 2025 Sustainability Plan and our goal of zero food waste to landfill. We truly believe that is one of the steps that will help create a better tomorrow for future generations. The Facilities Manager is responsible for leading the delivery of all Facilities Maintenance services within their designated group of stores to a consistently high standard. This is a mid-level leadership role, managing a team of internal technicians, proactive services team leaders and team as well as external service providers. Your Key Responsibilities In This Role Will Be Responsible for coaching, developing and leading a diverse team of technicians, facilities management professionals, operational team leaders and third party contractors End to end financial accountability for Facilities & Maintenance services in the designated group of stores Deliver agreed Facilities & Maintenance Strategies to drive proactive, responsive and efficient services. Accountable for a safe site for everyone, everyday by implementing and evaluating safe work practices, improving safety Undertake routine health checks to ensure compliance, safety and operational expectations are being met Accountable for Financial Management and results for all FM activities within the Group Support the store set-up and in-store delivery of the Proactive services program Ensure safety & compliance of your team members. Our ideal candidate will possess one or more of the following: A minimum of two years experience in a similar role preferably with commercial supermarket experience Able to navigate complex work environments and teams to deliver outcomes Strong leadership experience within a retail environment Previous stakeholder management experience and ability to establish and maintain strong relationships Experience or Knowledge of essential services, refrigeration, air conditioning, or electrical systems (highly regarded). Retail or FMCG experience Grow with the Group As an inclusive, team-first company, our people are at the core of everything we do. We care deeply about creating a workplace where our team members feel valued, respected and empowered. We are committed to providing equal opportunity regardless of gender identity, ethnicity, disability, sexual orientation or life stage. We are proud to be recognised as a Gold Tier Employer in the Australian Workplace Equality Index for LGBTQ+ inclusion and as an Employer of Choice for Gender Equality by the Workplace Gender Equality Agency. As our Group continues to evolve, innovate and support our communities, we encourage our team members to do the same with their own careers, by providing ongoing opportunities to grow and make a real difference. We value flexibility, and encourage our team members to work in ways that meet their work/life commitments and support their wellbeing. We work hard to create a safe and inclusive environment for all, and most importantly, we're all about creating better experiences – for our customers and for each other. We’d love to hear from You If you meet a number of the requirements, but not all, we encourage you to submit your application. You can learn more about working with us on LinkedIn or via www.wowcareers.com.au. #work180. Our Talent Acquisition Team and Hiring Leaders kindly request no unsolicited resumes or approaches from Recruitment Agencies. Woolworths Group is not responsible for any fees related to unsolicited resumes. Show more Show less"
